cache_token,first_generation_seq,last_generation_seq,item_id
kt-0c,1,9,s-z62-a637690b
kt-19,1,9,s-z62-fb8a323f
kt-31,1,4,s-z62-5bcf3dc4
kt-31,5,9,s-z62-9d60b70f
kt-42,1,9,s-z62-6176be4a
kt-55,1,9,s-z62-55d445ce
kt-73,1,9,s-z62-5af7f671
kt-7d,1,4,s-z62-9fc72b31
kt-7d,5,9,s-z62-55d445ce
kt-86,1,9,s-z62-b7cc927e
kt-9a,1,9,s-z62-21880f8e
kt-a4,1,4,s-z62-c9cbbad9
kt-a4,5,9,s-z62-45a6db69
kt-b8,1,9,s-z62-9d60b70f
kt-c2,1,4,s-z62-7ea5c9b5
kt-c2,5,9,s-z62-a637690b
kt-da,1,9,s-z62-45a6db69
kt-ef,1,9,s-z62-864f18bf
kx-35ca,9,9,s-z62-7ea5c9b5
kx-90e8,5,9,s-z62-c9cbbad9
