session,ui_ms,comp_us
s-a41,0.000,812345
s-a41,100.000,912368
s-a41,200.000,1012391
s-a41,320.000,1132419
s-b07,0.000,523111
s-b07,100.000,623082
s-b07,200.000,723053
s-b07,320.000,843018
s-c93,0.000,931337
s-c93,100.000,1031398
s-c93,200.000,1131459
s-c93,320.000,1251532
s-d55,0.000,901000
s-d55,100.000,1001017
s-d55,200.000,1101034
s-d55,320.000,1221054
s-e18,0.000,455555
s-e18,100.000,555548
s-e18,200.000,655541
s-e18,320.000,775533
s-z62,0.000,677777
s-z62,100.000,777814
s-z62,200.000,877851
s-z62,320.000,997895
