session,checkpoint_id,scroll_top_css,marker_item,marker_offset_css
s-a41,s-a41-c01,286.2500,s-a41-bd4fa2d3,50.0000
s-a41,s-a41-c02,210.5000,s-a41-bd4fa2d3,50.0000
s-a41,s-a41-c03,330.0000,s-a41-03c8439c,48.7500
s-b07,s-b07-c01,365.0000,s-b07-151bf968,45.0000
s-b07,s-b07-c02,477.2500,s-b07-d5fc2ccf,45.0000
s-b07,s-b07-c03,498.2500,s-b07-d5fc2ccf,45.0000
s-c93,s-c93-c01,250.0000,s-c93-eb5c1407,30.2500
s-c93,s-c93-c02,539.2500,s-c93-abcb7d70,23.0000
s-c93,s-c93-c03,558.2500,s-c93-abcb7d70,23.0000
s-d55,s-d55-c01,300.0000,s-d55-3e9e7d45,44.2500
s-d55,s-d55-c02,523.7500,s-d55-5414ac0a,1.5000
s-e18,s-e18-c01,410.0000,s-e18-6bd882fd,33.0000
s-e18,s-e18-c02,277.0000,s-e18-6bd882fd,33.0000
