trace_id,update_token,enqueue_ms,lane_token,cost_units,group_token,after_token,item_id,height_delta_css,scroll_adjust_css
cal-01,cal-01-u00,4.600,ln-a7,3,g1,,,3.750,0.000
cal-01,cal-01-u01,6.300,ln-a7,1,g2,,,-1.250,1.000
cal-01,cal-01-u02,10.900,ln-a7,2,g2,,,2.250,0.000
cal-01,cal-01-u03,12.600,ln-f9,2,,,,-3.500,1.250
cal-01,cal-01-u04,15.700,ln-k4,3,,,,-0.750,0.000
cal-01,cal-01-u05,17.400,ln-k4,1,g2,,,-2.750,-1.000
cal-01,cal-01-u06,19.100,ln-k4,6,g3,,,-1.250,-1.000
cal-01,cal-01-u07,20.800,ln-a7,6,,,,-2.750,1.250
cal-01,cal-01-u08,22.500,ln-f9,4,g1,,,3.750,0.000
cal-01,cal-01-u09,27.700,ln-a7,4,,,,1.500,0.000
cal-01,cal-01-u10,32.300,ln-c2,4,,,,-2.750,0.500
cal-01,cal-01-u11,34.700,ln-k4,6,,,,0.500,-1.500
cal-01,cal-01-u12,39.900,ln-a7,3,,,,3.000,0.500
cal-01,cal-01-u13,41.600,ln-f9,3,g1,,,-2.000,0.000
cal-01,cal-01-u14,46.800,ln-k4,4,,,,3.750,1.250
cal-02,cal-02-u00,5.200,ln-f9,6,g3,,,2.250,0.000
cal-02,cal-02-u01,7.600,ln-f9,2,g3,,,-2.000,-1.000
cal-02,cal-02-u02,9.300,ln-a7,1,,,,-2.750,0.000
cal-02,cal-02-u03,11.700,ln-c2,3,g3,,,-2.750,1.250
cal-02,cal-02-u04,13.400,ln-a7,6,g1,,,-2.750,0.000
cal-02,cal-02-u05,15.100,ln-f9,6,g2,,,3.750,0.000
cal-02,cal-02-u06,16.800,ln-a7,6,g4,,,3.750,0.500
cal-02,cal-02-u07,18.500,ln-k4,6,,,,-2.750,0.500
cal-02,cal-02-u08,21.600,ln-c2,5,g3,,,2.250,1.250
cal-02,cal-02-u09,24.700,ln-a7,2,g2,cal-02-u05,,3.000,-1.000
cal-02,cal-02-u10,29.900,ln-a7,6,g1,,,3.000,-1.000
cal-02,cal-02-u11,34.500,ln-a7,6,g3,,,1.000,1.000
cal-02,cal-02-u12,37.600,ln-k4,6,,cal-02-u11,,2.250,-0.500
cal-02,cal-02-u13,42.200,ln-a7,1,g1,,,-2.000,1.250
cal-02,cal-02-u14,47.400,ln-a7,5,,,,-0.750,0.500
cal-02,cal-02-u15,52.000,ln-a7,3,,cal-02-u13,,-2.750,1.250
cal-03,cal-03-u00,2.400,ln-k4,5,,,,3.000,0.500
cal-03,cal-03-u01,4.800,ln-a7,2,g2,,,-1.250,-1.500
cal-03,cal-03-u02,7.900,ln-a7,4,g4,,,2.250,-1.500
cal-03,cal-03-u03,11.000,ln-a7,1,,,,-1.250,0.000
cal-03,cal-03-u04,12.700,ln-c2,2,,,,1.500,-1.500
cal-03,cal-03-u05,15.100,ln-k4,2,,cal-03-u01,,1.500,1.000
cal-03,cal-03-u06,19.700,ln-f9,3,,,,3.000,0.500
cal-03,cal-03-u07,24.300,ln-c2,2,g4,,,-2.000,1.250
cal-03,cal-03-u08,28.900,ln-c2,3,,,,-3.500,1.000
cal-03,cal-03-u09,34.100,ln-c2,4,g1,,,1.000,0.000
cal-03,cal-03-u10,37.200,ln-k4,3,g3,,,0.500,-0.500
cal-03,cal-03-u11,41.800,ln-c2,2,g4,,,1.500,0.500
cal-03,cal-03-u12,47.000,ln-c2,4,,,,1.500,-0.500
cal-03,cal-03-u13,52.200,ln-a7,6,g2,,,1.000,1.000
cal-03,cal-03-u14,55.300,ln-c2,6,g1,,,3.000,0.000
cal-03,cal-03-u15,58.400,ln-f9,4,g3,,,-1.250,0.000
cal-03,cal-03-u16,63.600,ln-k4,2,,,,3.000,0.000
cal-04,cal-04-u00,1.700,ln-a7,4,,,,2.250,-1.500
cal-04,cal-04-u01,4.100,ln-c2,3,,,,0.500,1.000
cal-04,cal-04-u02,6.500,ln-a7,2,g3,,,1.500,-1.000
cal-04,cal-04-u03,11.700,ln-k4,1,,,,-1.250,1.250
cal-04,cal-04-u04,16.900,ln-a7,5,,,,0.500,0.000
cal-04,cal-04-u05,22.100,ln-k4,5,,,,-0.750,1.250
cal-04,cal-04-u06,27.300,ln-f9,4,,,,3.750,-1.500
cal-04,cal-04-u07,29.000,ln-f9,6,g3,,,3.750,0.500
cal-04,cal-04-u08,32.100,ln-k4,2,,,,-2.750,-1.500
cal-04,cal-04-u09,36.700,ln-c2,2,g1,,,3.000,-1.500
cal-04,cal-04-u10,41.900,ln-c2,6,,,,1.500,-0.500
cal-04,cal-04-u11,44.300,ln-f9,1,,cal-04-u09,,3.750,-1.500
cal-04,cal-04-u12,46.000,ln-f9,4,g4,,,2.250,1.250
cal-04,cal-04-u13,51.200,ln-c2,2,g3,,,1.500,0.000
cal-04,cal-04-u14,55.800,ln-a7,4,g2,,,2.250,0.000
cal-05,cal-05-u00,2.400,ln-a7,4,,,,-1.250,-0.500
cal-05,cal-05-u01,4.100,ln-a7,5,,,,2.250,1.000
cal-05,cal-05-u02,9.300,ln-f9,1,g2,,,0.500,-1.500
cal-05,cal-05-u03,11.700,ln-f9,4,,,,-2.750,1.000
cal-05,cal-05-u04,14.800,ln-a7,3,g3,,,-2.750,1.250
cal-05,cal-05-u05,16.500,ln-c2,4,g3,,,-1.250,-1.000
cal-05,cal-05-u06,18.200,ln-k4,6,g3,cal-05-u05,,2.250,-1.500
cal-05,cal-05-u07,19.900,ln-f9,6,g2,,,-3.500,-1.000
cal-05,cal-05-u08,23.000,ln-c2,3,,,,-3.500,0.000
cal-05,cal-05-u09,26.100,ln-f9,5,g1,,,3.750,-1.000
cal-05,cal-05-u10,28.500,ln-k4,2,g2,,,2.250,-0.500
cal-05,cal-05-u11,30.900,ln-c2,2,g2,cal-05-u06,,0.500,-0.500
cal-05,cal-05-u12,32.600,ln-k4,1,g3,,,1.500,0.000
cal-05,cal-05-u13,35.000,ln-f9,1,,cal-05-u12,,-2.750,0.000
cal-05,cal-05-u14,39.600,ln-k4,1,g3,cal-05-u08,,0.500,0.000
cal-05,cal-05-u15,44.200,ln-a7,6,g4,cal-05-u10,,1.500,0.000
cal-06,cal-06-u00,4.600,ln-c2,2,,,,3.750,0.500
cal-06,cal-06-u01,9.200,ln-a7,4,g3,,,-0.750,-1.500
cal-06,cal-06-u02,13.800,ln-k4,4,,,,1.500,0.000
cal-06,cal-06-u03,18.400,ln-a7,1,g1,cal-06-u00,,3.000,-1.500
cal-06,cal-06-u04,23.000,ln-k4,3,g1,,,-0.750,1.250
cal-06,cal-06-u05,26.100,ln-c2,5,,,,1.500,1.000
cal-06,cal-06-u06,27.800,ln-k4,5,,,,1.000,1.000
cal-06,cal-06-u07,30.200,ln-k4,1,g3,,,1.500,0.000
cal-06,cal-06-u08,35.400,ln-f9,5,,,,3.750,0.000
cal-06,cal-06-u09,40.000,ln-f9,5,g1,,,-2.000,1.250
cal-06,cal-06-u10,43.100,ln-k4,5,,,,-2.750,-1.000
cal-06,cal-06-u11,45.500,ln-k4,5,,,,3.000,-1.000
cal-06,cal-06-u12,47.200,ln-f9,3,,,,1.000,0.500
cal-06,cal-06-u13,52.400,ln-a7,2,g1,,,3.750,0.000
cal-06,cal-06-u14,54.100,ln-f9,6,g3,,,-0.750,0.000
cal-06,cal-06-u15,59.300,ln-c2,5,g4,,,3.750,0.500
cal-06,cal-06-u16,64.500,ln-a7,3,,,,3.750,0.000
cal-07,cal-07-u00,5.200,ln-c2,4,g4,,,0.500,-1.500
cal-07,cal-07-u01,7.600,ln-k4,1,,,,3.750,1.000
cal-07,cal-07-u02,10.000,ln-a7,5,g2,,,1.000,1.000
cal-07,cal-07-u03,11.700,ln-k4,6,,,,0.500,1.250
cal-07,cal-07-u04,14.800,ln-f9,2,,,,-2.750,0.500
cal-07,cal-07-u05,19.400,ln-a7,2,,cal-07-u01,,3.000,-0.500
cal-07,cal-07-u06,22.500,ln-k4,2,,,,-3.500,1.250
cal-07,cal-07-u07,24.200,ln-f9,1,,cal-07-u02,,3.750,0.000
cal-07,cal-07-u08,26.600,ln-k4,5,,cal-07-u05,,0.500,0.000
cal-07,cal-07-u09,31.200,ln-k4,4,g4,,,-3.500,0.000
cal-07,cal-07-u10,33.600,ln-c2,4,g4,,,3.750,-0.500
cal-07,cal-07-u11,36.700,ln-f9,4,g2,cal-07-u08,,3.000,0.000
cal-07,cal-07-u12,39.100,ln-k4,6,,cal-07-u07,,3.000,1.250
cal-07,cal-07-u13,43.700,ln-c2,1,,,,-0.750,1.250
cal-07,cal-07-u14,46.800,ln-c2,6,g3,cal-07-u10,,-2.750,0.500
inc-z62,inc-z62-u00,5.200,ln-f9,3,g1,,s-z62-5af7f671,-0.750,0.000
inc-z62,inc-z62-u01,8.300,ln-a7,3,g1,,s-z62-fb8a323f,-1.250,1.250
inc-z62,inc-z62-u02,12.900,ln-f9,2,g1,,s-z62-a637690b,-2.000,-1.000
inc-z62,inc-z62-u03,14.600,ln-k4,2,g3,,s-z62-5bcf3dc4,-0.750,1.000
inc-z62,inc-z62-u04,19.800,ln-c2,2,g4,inc-z62-u00,s-z62-a637690b,-3.500,-1.500
inc-z62,inc-z62-u05,22.200,ln-f9,3,,,s-z62-bee9cf8a,3.750,0.000
inc-z62,inc-z62-u06,24.600,ln-f9,4,g3,,s-z62-b7cc927e,3.000,1.250
inc-z62,inc-z62-u07,29.800,ln-a7,2,g2,,s-z62-fb8a323f,0.500,0.500
inc-z62,inc-z62-u08,32.200,ln-a7,4,g4,,s-z62-5bcf3dc4,3.750,-1.000
inc-z62,inc-z62-u09,37.400,ln-k4,3,g1,,s-z62-3c715287,-2.750,0.500
inc-z62,inc-z62-u10,39.800,ln-a7,1,g1,inc-z62-u07,s-z62-b00140b6,-1.250,0.500
inc-z62,inc-z62-u11,41.500,ln-a7,2,g4,,s-z62-bee9cf8a,3.750,-1.000
inc-z62,inc-z62-u12,46.700,ln-c2,2,g4,,s-z62-21880f8e,3.750,0.000
inc-z62,inc-z62-u13,49.100,ln-f9,3,,,s-z62-276b5b4f,3.750,0.000
inc-z62,inc-z62-u14,53.700,ln-k4,4,g1,,s-z62-864f18bf,0.500,-1.000
inc-z62,inc-z62-u15,55.400,ln-a7,6,,,s-z62-c9cbbad9,1.000,0.000
inc-z62,inc-z62-u16,57.800,ln-a7,6,g2,,s-z62-2e155fe6,-2.000,-0.500
inc-z62,inc-z62-u17,63.000,ln-c2,3,g2,inc-z62-u14,s-z62-864f18bf,3.000,0.000
inc-z62,inc-z62-u18,64.700,ln-a7,3,,,s-z62-55d445ce,3.750,0.000
inc-z62,inc-z62-u19,66.400,ln-k4,4,g4,inc-z62-u16,s-z62-45a6db69,2.250,-1.000
inc-z62,inc-z62-u20,68.800,ln-a7,4,,,s-z62-c8db499a,-2.750,-1.000
inc-z62,inc-z62-u21,73.400,ln-c2,2,,inc-z62-u20,s-z62-9d60b70f,-0.750,-1.000
inc-z62,inc-z62-u22,78.600,ln-k4,3,g1,inc-z62-u19,s-z62-1699d074,2.250,-1.000
inc-z62,inc-z62-u23,83.200,ln-f9,1,,,s-z62-864f18bf,-1.250,1.000
inc-z62,inc-z62-u24,87.800,ln-c2,2,g1,inc-z62-u18,s-z62-fb8a323f,1.000,0.500
inc-z62,inc-z62-u25,92.400,ln-c2,6,,inc-z62-u23,s-z62-fb8a323f,-2.750,-1.500
inc-z62,inc-z62-u26,94.100,ln-f9,1,g3,,s-z62-fb8a323f,1.500,1.000
inc-z62,inc-z62-u27,97.200,ln-a7,6,g1,,s-z62-5bcf3dc4,1.000,-1.000
inc-z62,inc-z62-u28,102.400,ln-f9,4,g2,,s-z62-55d445ce,-2.750,-0.500
inc-z62,inc-z62-u29,107.000,ln-c2,6,,,s-z62-2e155fe6,3.000,-1.500
inc-z62,inc-z62-u30,112.200,ln-c2,4,g3,inc-z62-u24,s-z62-fb214be8,2.250,1.250
inc-z62,inc-z62-u31,114.600,ln-f9,1,,,s-z62-5bcf3dc4,-0.750,-1.500
inc-z62,inc-z62-u32,119.800,ln-k4,6,g3,inc-z62-u31,s-z62-b7cc927e,2.250,1.000
inc-z62,inc-z62-u33,121.500,ln-f9,2,,inc-z62-u32,s-z62-45a6db69,0.500,-1.500
inc-z62,inc-z62-u34,124.600,ln-a7,2,,,s-z62-5bcf3dc4,-0.750,0.000
inc-z62,inc-z62-u35,127.700,ln-c2,2,,inc-z62-u30,s-z62-864f18bf,0.500,0.000
inc-z62,inc-z62-u36,130.800,ln-a7,6,g2,inc-z62-u35,s-z62-b00140b6,-0.750,0.000
inc-z62,inc-z62-u37,135.400,ln-k4,4,,,s-z62-7ea5c9b5,3.000,0.500
inc-z62,inc-z62-u38,140.000,ln-k4,3,g3,inc-z62-u36,s-z62-55d445ce,3.750,1.250
inc-z62,inc-z62-u39,145.200,ln-k4,1,g3,,s-z62-55d445ce,1.500,-0.500
inc-z62,inc-z62-u40,149.800,ln-a7,5,g3,,s-z62-7ea5c9b5,-1.250,0.500
inc-z62,inc-z62-u41,155.000,ln-c2,5,g1,,s-z62-1699d074,0.500,-1.000
cal-x01,cal-x01-u00,5.200,ln-f9,6,,,,3.750,-1.000
cal-x01,cal-x01-u01,10.400,ln-c2,2,g2,,,1.000,1.000
cal-x01,cal-x01-u02,12.800,ln-c2,1,g1,,,-3.500,-0.500
cal-x01,cal-x01-u03,17.400,ln-c2,1,g4,cal-x01-u02,,2.250,1.000
cal-x01,cal-x01-u04,19.800,ln-a7,5,g3,,,-1.250,0.500
cal-x01,cal-x01-u05,22.900,ln-f9,3,g1,cal-x01-u04,,-2.000,-1.500
cal-x01,cal-x01-u06,26.000,ln-a7,3,g2,,,-3.500,0.500
cal-x01,cal-x01-u07,27.700,ln-a7,3,,,,2.250,-0.500
cal-x01,cal-x01-u08,32.900,ln-k4,4,g2,,,-2.000,-1.000
cal-x01,cal-x01-u09,35.300,ln-c2,1,g4,,,0.500,0.500
cal-x01,cal-x01-u10,38.400,ln-f9,1,g2,,,1.000,0.000
cal-x01,cal-x01-u11,40.800,ln-c2,2,g1,cal-x01-u07,,-0.750,-1.000
cal-x01,cal-x01-u12,45.400,ln-a7,6,,,,-0.750,0.000
cal-x01,cal-x01-u13,47.800,ln-a7,6,g4,,,3.000,-1.000
cal-x01,cal-x01-u14,53.000,ln-f9,5,g1,,,-2.000,1.000
cal-x01,cal-x01-u15,57.600,ln-k4,2,,,,3.750,0.500
cal-x01,cal-x01-u16,60.000,ln-a7,5,,,,3.750,0.000
cal-x01,cal-x01-u17,65.200,ln-k4,6,,,,2.250,0.000
