session,ui_ms,display_us
s-a41,0.000,170000.000
s-a41,18.900,188831.960
s-a41,44.100,213941.240
s-a41,68.400,238153.760
s-a41,90.000,259676.000
s-b07,0.000,252538.000
s-b07,14.700,267204.337
s-b07,34.300,286759.453
s-b07,53.200,305616.172
s-b07,70.000,322377.700
s-c93,0.000,332474.000
s-c93,18.900,351355.478
s-c93,44.100,376530.782
s-c93,68.400,400806.968
s-c93,90.000,422385.800
s-d55,0.000,415012.000
s-d55,15.120,430136.990
s-d55,35.280,450303.642
s-d55,54.720,469750.058
s-d55,72.000,487035.760
s-e18,0.000,494948.000
s-e18,10.500,505465.220
s-e18,24.500,519488.180
s-e18,38.000,533010.320
s-e18,50.000,545030.000
s-z62,0.000,577486.000
s-z62,58.380,636038.221
s-z62,136.220,714107.849
s-z62,211.280,789389.276
s-z62,278.000,856306.100
