commit_id,parent_commit_id,commit_seq,delta_seq,item_alias,height_delta_css,origin_delta_css
gc-00,,0,0,,0.0,0.0
gc-11,gc-00,1,1,qa,6.000,1.250
gc-23,gc-11,2,1,qb,-4.000,2.000
gc-35,gc-00,3,1,qa,3.000,-1.500
gc-35,gc-00,3,2,qc,5.000,0.000
gc-48,gc-35,4,1,qb,7.000,3.000
gc-52,gc-23,5,1,qd,-5.000,-2.250
gc-64,gc-52,6,1,qa,4.000,1.750
gc-77,gc-64,7,1,qc,-6.000,2.500
gc-88,gc-48,8,1,qe,8.000,-3.000
gc-88,gc-48,8,2,qb,-3.000,0.000
gc-d1,gc-23,9,1,qe,12.000,6.000
gc-d2,gc-48,10,1,qa,-9.000,-5.000
gc-d3,gc-88,11,1,qc,10.000,4.000
gc-d4,gc-77,12,1,qd,9.000,-4.500
