session,handoff_token,generation,offer_seq,offered_comp_us,install_barrier_comp_us,head_commit
s-z62,hg-91,1,1,681000.000,686000.000,gc-11
s-z62,hg-91,1,2,705000.000,715000.000,gc-23
s-z62,hg-91,1,3,736000.000,739000.000,gc-d1
s-z62,hg-a4,1,1,751000.000,758000.000,gc-35
s-z62,hg-a4,1,2,780000.000,800000.000,gc-48
s-z62,hg-a4,1,3,810000.000,820000.000,gc-d2
s-z62,hg-91,2,1,846000.000,855000.000,gc-52
s-z62,hg-91,2,2,860000.000,870000.000,gc-64
s-z62,hg-91,2,3,875000.000,885000.000,gc-77
s-z62,hg-f2,1,1,926000.000,940000.000,gc-88
s-z62,hg-f2,1,2,944000.000,948000.000,gc-d3
s-z62,hg-91,2,4,888000.000,890000.000,gc-d4
