session,input_seq,input_us,gesture_id,device_token,phase,hit_handle,sample_y_device_px
s-a41,1,129796.710,gs-917dc23a,dv-f271b827,begin,nh-468d9148,0.000
s-a41,2,130696.278,gs-917dc23a,dv-f271b827,update,nh-70871a8c,14.625
s-a41,3,132295.510,gs-917dc23a,dv-f271b827,update,nh-f34d9954,37.375
s-a41,4,133994.695,gs-917dc23a,dv-f271b827,update,nh-70871a8c,26.812
s-a41,5,134694.359,gs-86b6f72c,dv-dda7dccd,begin,nh-468d9148,0.000
s-a41,6,135693.879,gs-86b6f72c,dv-dda7dccd,update,nh-468d9148,32.500
s-a41,7,136793.351,gs-917dc23a,dv-f271b827,end,nh-70871a8c,44.688
s-a41,8,138392.584,gs-86b6f72c,dv-dda7dccd,update,nh-70871a8c,26.250
s-a41,9,140791.432,gs-86b6f72c,dv-dda7dccd,update,nh-f34d9954,-15.000
s-a41,10,143390.185,gs-86b6f72c,dv-dda7dccd,end,nh-70871a8c,10.000
s-a41,11,179184.423,gs-08e0c76c,dv-dda7dccd,begin,nh-f34d9954,0.000
s-a41,12,180083.992,gs-08e0c76c,dv-dda7dccd,update,nh-468d9148,13.750
s-a41,13,181683.224,gs-08e0c76c,dv-dda7dccd,update,nh-70871a8c,15.625
s-a41,14,183382.408,gs-08e0c76c,dv-dda7dccd,update,nh-70871a8c,-6.875
s-a41,15,184082.073,gs-2b2249f6,dv-f271b827,begin,nh-468d9148,0.000
s-a41,16,185081.593,gs-2b2249f6,dv-f271b827,update,nh-70871a8c,47.125
s-a41,17,186181.065,gs-08e0c76c,dv-dda7dccd,end,nh-70871a8c,14.375
s-a41,18,187780.297,gs-2b2249f6,dv-f271b827,update,nh-f34d9954,81.250
s-a41,19,190179.146,gs-2b2249f6,dv-f271b827,update,nh-70871a8c,61.750
s-a41,20,192777.899,gs-2b2249f6,dv-f271b827,end,nh-70871a8c,74.750
s-a41,21,197079.972,gs-080c6f6d,dv-f271b827,begin,nh-468d9148,0.000
s-a41,22,197979.540,gs-080c6f6d,dv-f271b827,update,nh-70871a8c,21.125
s-a41,23,199578.772,gs-080c6f6d,dv-f271b827,update,nh-70871a8c,43.875
s-a41,24,201277.957,gs-080c6f6d,dv-f271b827,update,nh-468d9148,36.562
s-a41,25,201977.621,gs-21f3c420,dv-dda7dccd,begin,nh-468d9148,0.000
s-a41,26,202977.141,gs-21f3c420,dv-dda7dccd,update,nh-70871a8c,32.500
s-a41,27,204076.613,gs-080c6f6d,dv-f271b827,end,nh-f34d9954,56.062
s-a41,28,205675.846,gs-21f3c420,dv-dda7dccd,update,nh-70871a8c,26.250
s-a41,29,208074.694,gs-21f3c420,dv-dda7dccd,update,nh-70871a8c,-15.000
s-a41,30,210673.447,gs-21f3c420,dv-dda7dccd,end,nh-468d9148,10.000
s-b07,1,134057.126,gs-05df3632,dv-4b45dc78,begin,nh-86ce0c3a,0.000
s-b07,2,134956.596,gs-05df3632,dv-4b45dc78,update,nh-59c89695,15.750
s-b07,3,136555.652,gs-05df3632,dv-4b45dc78,update,nh-b5cafaec,40.250
s-b07,4,138254.650,gs-05df3632,dv-4b45dc78,update,nh-59c89695,28.875
s-b07,5,138954.237,gs-de427240,dv-3d3a01f8,begin,nh-86ce0c3a,0.000
s-b07,6,139953.647,gs-de427240,dv-3d3a01f8,update,nh-86ce0c3a,35.750
s-b07,7,141052.999,gs-05df3632,dv-4b45dc78,end,nh-59c89695,48.125
s-b07,8,142652.055,gs-de427240,dv-3d3a01f8,update,nh-59c89695,28.875
s-b07,9,145050.640,gs-de427240,dv-3d3a01f8,update,nh-b5cafaec,-16.500
s-b07,10,147649.107,gs-de427240,dv-3d3a01f8,end,nh-59c89695,11.000
s-b07,11,156936.973,gs-40f2527e,dv-3d3a01f8,begin,nh-b5cafaec,0.000
s-b07,12,157836.442,gs-40f2527e,dv-3d3a01f8,update,nh-86ce0c3a,15.125
s-b07,13,159435.499,gs-40f2527e,dv-3d3a01f8,update,nh-59c89695,17.188
s-b07,14,161134.497,gs-40f2527e,dv-3d3a01f8,update,nh-59c89695,-7.562
s-b07,15,161834.084,gs-e33579b7,dv-4b45dc78,begin,nh-86ce0c3a,0.000
s-b07,16,162833.494,gs-e33579b7,dv-4b45dc78,update,nh-59c89695,50.750
s-b07,17,163932.846,gs-40f2527e,dv-3d3a01f8,end,nh-59c89695,15.812
s-b07,18,165531.902,gs-e33579b7,dv-4b45dc78,update,nh-b5cafaec,87.500
s-b07,19,167930.487,gs-e33579b7,dv-4b45dc78,update,nh-59c89695,66.500
s-b07,20,170528.954,gs-e33579b7,dv-4b45dc78,end,nh-59c89695,80.500
s-b07,21,184512.684,gs-004501ed,dv-4b45dc78,begin,nh-86ce0c3a,0.000
s-b07,22,185412.153,gs-004501ed,dv-4b45dc78,update,nh-59c89695,22.750
s-b07,23,187011.209,gs-004501ed,dv-4b45dc78,update,nh-59c89695,47.250
s-b07,24,188710.207,gs-004501ed,dv-4b45dc78,update,nh-86ce0c3a,39.375
s-b07,25,189409.794,gs-45d5df4b,dv-3d3a01f8,begin,nh-86ce0c3a,0.000
s-b07,26,190409.205,gs-45d5df4b,dv-3d3a01f8,update,nh-59c89695,35.750
s-b07,27,191508.556,gs-004501ed,dv-4b45dc78,end,nh-b5cafaec,60.375
s-b07,28,193107.613,gs-45d5df4b,dv-3d3a01f8,update,nh-59c89695,28.875
s-b07,29,195506.197,gs-45d5df4b,dv-3d3a01f8,update,nh-59c89695,-16.500
s-b07,30,198104.664,gs-45d5df4b,dv-3d3a01f8,end,nh-86ce0c3a,11.000
s-c93,1,126813.345,gs-f9b27855,dv-8b019235,begin,nh-1b16a699,0.000
s-c93,2,127712.715,gs-f9b27855,dv-8b019235,update,nh-c41604a1,13.500
s-c93,3,129311.596,gs-f9b27855,dv-8b019235,update,nh-12b6f260,34.500
s-c93,4,131010.407,gs-f9b27855,dv-8b019235,update,nh-c41604a1,24.750
s-c93,5,131709.917,gs-7cc03b60,dv-7f7eef02,begin,nh-1b16a699,0.000
s-c93,6,132709.218,gs-7cc03b60,dv-7f7eef02,update,nh-1b16a699,39.000
s-c93,7,133808.448,gs-f9b27855,dv-8b019235,end,nh-c41604a1,41.250
s-c93,8,135407.329,gs-7cc03b60,dv-7f7eef02,update,nh-c41604a1,31.500
s-c93,9,137805.650,gs-7cc03b60,dv-7f7eef02,update,nh-12b6f260,-18.000
s-c93,10,140403.831,gs-7cc03b60,dv-7f7eef02,end,nh-c41604a1,12.000
s-c93,11,189407.678,gs-ba9d65ef,dv-7f7eef02,begin,nh-12b6f260,0.000
s-c93,12,190307.048,gs-ba9d65ef,dv-7f7eef02,update,nh-1b16a699,16.500
s-c93,13,191905.929,gs-ba9d65ef,dv-7f7eef02,update,nh-c41604a1,18.750
s-c93,14,193604.740,gs-ba9d65ef,dv-7f7eef02,update,nh-c41604a1,-8.250
s-c93,15,194304.250,gs-3167b91d,dv-8b019235,begin,nh-1b16a699,0.000
s-c93,16,195303.551,gs-3167b91d,dv-8b019235,update,nh-c41604a1,43.500
s-c93,17,196402.781,gs-ba9d65ef,dv-7f7eef02,end,nh-c41604a1,17.250
s-c93,18,198001.662,gs-3167b91d,dv-8b019235,update,nh-12b6f260,75.000
s-c93,19,200399.983,gs-3167b91d,dv-8b019235,update,nh-c41604a1,57.000
s-c93,20,202998.164,gs-3167b91d,dv-8b019235,end,nh-c41604a1,69.000
s-c93,21,206206.157,gs-373041ae,dv-8b019235,begin,nh-1b16a699,0.000
s-c93,22,207105.527,gs-373041ae,dv-8b019235,update,nh-c41604a1,19.500
s-c93,23,208704.408,gs-373041ae,dv-8b019235,update,nh-c41604a1,40.500
s-c93,24,210403.219,gs-373041ae,dv-8b019235,update,nh-1b16a699,33.750
s-c93,25,211102.729,gs-02c63d20,dv-7f7eef02,begin,nh-1b16a699,0.000
s-c93,26,212102.030,gs-02c63d20,dv-7f7eef02,update,nh-c41604a1,39.000
s-c93,27,213201.260,gs-373041ae,dv-8b019235,end,nh-12b6f260,51.750
s-c93,28,214800.141,gs-02c63d20,dv-7f7eef02,update,nh-c41604a1,31.500
s-c93,29,217198.462,gs-02c63d20,dv-7f7eef02,update,nh-c41604a1,-18.000
s-c93,30,219796.643,gs-02c63d20,dv-7f7eef02,end,nh-1b16a699,12.000
s-d55,1,134273.613,gs-0f8bfb6c,dv-2bd3d5b6,begin,nh-424739d0,0.000
s-d55,2,135172.885,gs-0f8bfb6c,dv-2bd3d5b6,update,nh-a7cbae63,14.625
s-d55,3,136771.590,gs-0f8bfb6c,dv-2bd3d5b6,update,nh-624aa04d,37.375
s-d55,4,138470.214,gs-0f8bfb6c,dv-2bd3d5b6,update,nh-a7cbae63,26.812
s-d55,5,139169.648,gs-c239729d,dv-59317e36,begin,nh-424739d0,0.000
s-d55,6,140168.838,gs-c239729d,dv-59317e36,update,nh-424739d0,32.500
s-d55,7,141267.948,gs-0f8bfb6c,dv-2bd3d5b6,end,nh-a7cbae63,44.688
s-d55,8,142866.653,gs-c239729d,dv-59317e36,update,nh-a7cbae63,26.250
s-d55,9,145264.711,gs-c239729d,dv-59317e36,update,nh-624aa04d,-15.000
s-d55,10,147862.606,gs-c239729d,dv-59317e36,end,nh-a7cbae63,10.000
s-d55,11,191037.225,gs-ce859bf4,dv-59317e36,begin,nh-624aa04d,0.000
s-d55,12,191936.496,gs-ce859bf4,dv-59317e36,update,nh-424739d0,13.750
s-d55,13,193535.201,gs-ce859bf4,dv-59317e36,update,nh-a7cbae63,15.625
s-d55,14,195233.826,gs-ce859bf4,dv-59317e36,update,nh-a7cbae63,-6.875
s-d55,15,195933.259,gs-5768278c,dv-2bd3d5b6,begin,nh-424739d0,0.000
s-d55,16,196932.450,gs-5768278c,dv-2bd3d5b6,update,nh-a7cbae63,47.125
s-d55,17,198031.559,gs-ce859bf4,dv-59317e36,end,nh-a7cbae63,14.375
s-d55,18,199630.264,gs-5768278c,dv-2bd3d5b6,update,nh-624aa04d,81.250
s-d55,19,202028.322,gs-5768278c,dv-2bd3d5b6,update,nh-a7cbae63,61.750
s-d55,20,204626.218,gs-5768278c,dv-2bd3d5b6,end,nh-a7cbae63,74.750
s-e18,1,130937.013,gs-abcbd3a4,dv-ba5b5e64,begin,nh-32c332c9,0.000
s-e18,2,131836.186,gs-abcbd3a4,dv-ba5b5e64,update,nh-6c27f168,15.750
s-e18,3,133434.715,gs-abcbd3a4,dv-ba5b5e64,update,nh-c0cc8eab,40.250
s-e18,4,135133.152,gs-abcbd3a4,dv-ba5b5e64,update,nh-6c27f168,28.875
s-e18,5,135832.509,gs-e8d11408,dv-cf359c12,begin,nh-32c332c9,0.000
s-e18,6,136831.590,gs-e8d11408,dv-cf359c12,update,nh-32c332c9,35.750
s-e18,7,137930.579,gs-abcbd3a4,dv-ba5b5e64,end,nh-6c27f168,48.125
s-e18,8,139529.108,gs-e8d11408,dv-cf359c12,update,nh-6c27f168,28.875
s-e18,9,141926.902,gs-e8d11408,dv-cf359c12,update,nh-c0cc8eab,-16.500
s-e18,10,144524.512,gs-e8d11408,dv-cf359c12,end,nh-6c27f168,11.000
s-e18,11,170397.990,gs-42c99e9a,dv-cf359c12,begin,nh-c0cc8eab,0.000
s-e18,12,171297.163,gs-42c99e9a,dv-cf359c12,update,nh-32c332c9,15.125
s-e18,13,172895.692,gs-42c99e9a,dv-cf359c12,update,nh-6c27f168,17.188
s-e18,14,174594.129,gs-42c99e9a,dv-cf359c12,update,nh-6c27f168,-7.562
s-e18,15,175293.486,gs-861c993c,dv-ba5b5e64,begin,nh-32c332c9,0.000
s-e18,16,176292.567,gs-861c993c,dv-ba5b5e64,update,nh-6c27f168,50.750
s-e18,17,177391.556,gs-42c99e9a,dv-cf359c12,end,nh-6c27f168,15.812
s-e18,18,178990.085,gs-861c993c,dv-ba5b5e64,update,nh-c0cc8eab,87.500
s-e18,19,181387.879,gs-861c993c,dv-ba5b5e64,update,nh-6c27f168,66.500
s-e18,20,183985.489,gs-861c993c,dv-ba5b5e64,end,nh-6c27f168,80.500
s-z62,1,135290.766,gs-0d2c4306,dv-efc4b055,begin,nh-a85af5a9,0.000
s-z62,2,136189.839,gs-0d2c4306,dv-efc4b055,update,nh-0b0fd1a9,13.500
s-z62,3,137788.193,gs-0d2c4306,dv-efc4b055,update,nh-136f550b,34.500
s-z62,4,139486.444,gs-0d2c4306,dv-efc4b055,update,nh-0b0fd1a9,24.750
s-z62,5,140185.724,gs-2b3c3997,dv-7108bfd2,begin,nh-a85af5a9,0.000
s-z62,6,141184.695,gs-2b3c3997,dv-7108bfd2,update,nh-a85af5a9,39.000
s-z62,7,142283.563,gs-0d2c4306,dv-efc4b055,end,nh-0b0fd1a9,41.250
s-z62,8,143881.917,gs-2b3c3997,dv-7108bfd2,update,nh-0b0fd1a9,31.500
s-z62,9,146279.447,gs-2b3c3997,dv-7108bfd2,update,nh-136f550b,-18.000
s-z62,10,148876.772,gs-2b3c3997,dv-7108bfd2,end,nh-0b0fd1a9,12.000
s-z62,11,159075.045,gs-bc1d359e,dv-7108bfd2,begin,nh-136f550b,0.000
s-z62,12,159974.119,gs-bc1d359e,dv-7108bfd2,update,nh-a85af5a9,16.500
s-z62,13,161572.472,gs-bc1d359e,dv-7108bfd2,update,nh-0b0fd1a9,18.750
s-z62,14,163270.723,gs-bc1d359e,dv-7108bfd2,update,nh-0b0fd1a9,-8.250
s-z62,15,163970.003,gs-282ebb16,dv-efc4b055,begin,nh-a85af5a9,0.000
s-z62,16,164968.974,gs-282ebb16,dv-efc4b055,update,nh-0b0fd1a9,43.500
s-z62,17,166067.842,gs-bc1d359e,dv-7108bfd2,end,nh-0b0fd1a9,17.250
s-z62,18,167666.196,gs-282ebb16,dv-efc4b055,update,nh-136f550b,75.000
s-z62,19,170063.726,gs-282ebb16,dv-efc4b055,update,nh-0b0fd1a9,57.000
s-z62,20,172661.051,gs-282ebb16,dv-efc4b055,end,nh-0b0fd1a9,69.000
s-z62,21,181460.250,gs-b7db9a48,dv-efc4b055,begin,nh-a85af5a9,0.000
s-z62,22,182359.324,gs-b7db9a48,dv-efc4b055,update,nh-0b0fd1a9,19.500
s-z62,23,183957.678,gs-b7db9a48,dv-efc4b055,update,nh-0b0fd1a9,40.500
s-z62,24,185655.928,gs-b7db9a48,dv-efc4b055,update,nh-a85af5a9,33.750
s-z62,25,186355.208,gs-84e5430f,dv-7108bfd2,begin,nh-a85af5a9,0.000
s-z62,26,187354.179,gs-84e5430f,dv-7108bfd2,update,nh-0b0fd1a9,39.000
s-z62,27,188453.047,gs-b7db9a48,dv-efc4b055,end,nh-136f550b,51.750
s-z62,28,190051.401,gs-84e5430f,dv-7108bfd2,update,nh-0b0fd1a9,31.500
s-z62,29,192448.932,gs-84e5430f,dv-7108bfd2,update,nh-0b0fd1a9,-18.000
s-z62,30,194351.730,gs-e08a895c,dv-7108bfd2,begin,nh-a85af5a9,0.000
s-z62,31,195046.256,gs-84e5430f,dv-7108bfd2,end,nh-0b0fd1a9,12.000
s-z62,32,195250.804,gs-e08a895c,dv-7108bfd2,update,nh-0b0fd1a9,13.500
s-z62,33,196849.157,gs-e08a895c,dv-7108bfd2,update,nh-a85af5a9,18.750
s-z62,34,198547.408,gs-e08a895c,dv-7108bfd2,update,nh-0b0fd1a9,-9.750
s-z62,35,199246.688,gs-0f83ae79,dv-efc4b055,begin,nh-a85af5a9,0.000
s-z62,36,200245.659,gs-0f83ae79,dv-efc4b055,update,nh-a85af5a9,43.500
s-z62,37,201344.527,gs-e08a895c,dv-7108bfd2,end,nh-0b0fd1a9,18.750
s-z62,38,202942.881,gs-0f83ae79,dv-efc4b055,update,nh-0b0fd1a9,75.000
s-z62,39,205340.411,gs-0f83ae79,dv-efc4b055,update,nh-136f550b,57.000
s-z62,40,207937.736,gs-0f83ae79,dv-efc4b055,end,nh-0b0fd1a9,69.000
s-z62,41,265904.438,gs-4c6fdb57,dv-efc4b055,begin,nh-136f550b,0.000
s-z62,42,266803.512,gs-4c6fdb57,dv-efc4b055,update,nh-136f550b,16.500
s-z62,43,268401.866,gs-4c6fdb57,dv-efc4b055,update,nh-0b0fd1a9,37.500
s-z62,44,270100.117,gs-4c6fdb57,dv-efc4b055,update,nh-0b0fd1a9,29.250
s-z62,45,270799.397,gs-e2061243,dv-7108bfd2,begin,nh-a85af5a9,0.000
s-z62,46,271798.368,gs-e2061243,dv-7108bfd2,update,nh-0b0fd1a9,39.000
s-z62,47,272897.236,gs-4c6fdb57,dv-efc4b055,end,nh-0b0fd1a9,45.750
s-z62,48,274495.590,gs-e2061243,dv-7108bfd2,update,nh-136f550b,31.500
s-z62,49,276893.120,gs-e2061243,dv-7108bfd2,update,nh-0b0fd1a9,-18.000
s-z62,50,279490.445,gs-e2061243,dv-7108bfd2,end,nh-0b0fd1a9,12.000
s-z62,51,282693.342,gs-abea6487,dv-7108bfd2,begin,nh-a85af5a9,0.000
s-z62,52,283592.416,gs-abea6487,dv-7108bfd2,update,nh-0b0fd1a9,19.500
s-z62,53,285190.770,gs-abea6487,dv-7108bfd2,update,nh-0b0fd1a9,18.750
s-z62,54,286889.020,gs-abea6487,dv-7108bfd2,update,nh-136f550b,-6.750
s-z62,55,287588.300,gs-0e50ef43,dv-efc4b055,begin,nh-a85af5a9,0.000
s-z62,56,288587.271,gs-0e50ef43,dv-efc4b055,update,nh-0b0fd1a9,43.500
s-z62,57,289686.139,gs-abea6487,dv-7108bfd2,end,nh-a85af5a9,17.250
s-z62,58,291284.493,gs-0e50ef43,dv-efc4b055,update,nh-0b0fd1a9,75.000
s-z62,59,293682.024,gs-0e50ef43,dv-efc4b055,update,nh-0b0fd1a9,57.000
s-z62,60,296279.348,gs-0e50ef43,dv-efc4b055,end,nh-a85af5a9,69.000
s-z62,61,307177.161,gs-7812363c,dv-efc4b055,begin,nh-a85af5a9,0.000
s-z62,62,308076.234,gs-7812363c,dv-efc4b055,update,nh-0b0fd1a9,13.500
s-z62,63,309674.588,gs-7812363c,dv-efc4b055,update,nh-136f550b,34.500
s-z62,64,311372.839,gs-7812363c,dv-efc4b055,update,nh-0b0fd1a9,24.750
s-z62,65,312072.119,gs-a0f4de31,dv-7108bfd2,begin,nh-a85af5a9,0.000
s-z62,66,313071.090,gs-a0f4de31,dv-7108bfd2,update,nh-a85af5a9,39.000
s-z62,67,314169.958,gs-7812363c,dv-efc4b055,end,nh-0b0fd1a9,42.750
s-z62,68,315768.312,gs-a0f4de31,dv-7108bfd2,update,nh-0b0fd1a9,31.500
s-z62,69,318165.842,gs-a0f4de31,dv-7108bfd2,update,nh-136f550b,-18.000
s-z62,70,320763.167,gs-a0f4de31,dv-7108bfd2,end,nh-0b0fd1a9,12.000
s-z62,71,324965.404,gs-ee4bb5dc,dv-7108bfd2,begin,nh-136f550b,0.000
s-z62,72,325864.478,gs-ee4bb5dc,dv-7108bfd2,update,nh-a85af5a9,16.500
s-z62,73,327462.831,gs-ee4bb5dc,dv-7108bfd2,update,nh-0b0fd1a9,18.750
s-z62,74,329161.082,gs-ee4bb5dc,dv-7108bfd2,update,nh-0b0fd1a9,-8.250
s-z62,75,329860.362,gs-f2c2af18,dv-efc4b055,begin,nh-a85af5a9,0.000
s-z62,76,330859.333,gs-f2c2af18,dv-efc4b055,update,nh-0b0fd1a9,43.500
s-z62,77,331958.201,gs-ee4bb5dc,dv-7108bfd2,end,nh-0b0fd1a9,18.750
s-z62,78,333556.555,gs-f2c2af18,dv-efc4b055,update,nh-136f550b,75.000
s-z62,79,335954.085,gs-f2c2af18,dv-efc4b055,update,nh-0b0fd1a9,57.000
s-z62,80,338551.410,gs-f2c2af18,dv-efc4b055,end,nh-0b0fd1a9,69.000
s-z62,81,345351.930,gs-a4f9cef1,dv-efc4b055,begin,nh-a85af5a9,0.000
s-z62,82,346251.003,gs-a4f9cef1,dv-efc4b055,update,nh-0b0fd1a9,19.500
s-z62,83,347849.357,gs-a4f9cef1,dv-efc4b055,update,nh-0b0fd1a9,40.500
s-z62,84,349547.608,gs-a4f9cef1,dv-efc4b055,update,nh-a85af5a9,33.750
s-z62,85,350246.888,gs-40a1576c,dv-7108bfd2,begin,nh-a85af5a9,0.000
s-z62,86,351245.859,gs-40a1576c,dv-7108bfd2,update,nh-0b0fd1a9,39.000
s-z62,87,352344.727,gs-a4f9cef1,dv-efc4b055,end,nh-136f550b,50.250
s-z62,88,353943.081,gs-40a1576c,dv-7108bfd2,update,nh-0b0fd1a9,31.500
s-z62,89,356340.611,gs-40a1576c,dv-7108bfd2,update,nh-0b0fd1a9,-18.000
s-z62,90,358937.936,gs-40a1576c,dv-7108bfd2,end,nh-a85af5a9,12.000
s-z62,91,386224.915,gs-01196f5f,dv-7108bfd2,begin,nh-a85af5a9,0.000
s-z62,92,387123.989,gs-01196f5f,dv-7108bfd2,update,nh-0b0fd1a9,13.500
s-z62,93,388722.343,gs-01196f5f,dv-7108bfd2,update,nh-a85af5a9,18.750
s-z62,94,390420.594,gs-01196f5f,dv-7108bfd2,update,nh-0b0fd1a9,-9.750
s-z62,95,391119.874,gs-7fa486a8,dv-efc4b055,begin,nh-a85af5a9,0.000
s-z62,96,392118.845,gs-7fa486a8,dv-efc4b055,update,nh-a85af5a9,43.500
s-z62,97,393217.713,gs-01196f5f,dv-7108bfd2,end,nh-0b0fd1a9,17.250
s-z62,98,394816.066,gs-7fa486a8,dv-efc4b055,update,nh-0b0fd1a9,75.000
s-z62,99,397213.597,gs-7fa486a8,dv-efc4b055,update,nh-136f550b,57.000
s-z62,100,399066.428,gs-f9c7a6ca,dv-efc4b055,begin,nh-136f550b,0.000
s-z62,101,399810.922,gs-7fa486a8,dv-efc4b055,end,nh-0b0fd1a9,69.000
s-z62,102,399965.502,gs-f9c7a6ca,dv-efc4b055,update,nh-136f550b,16.500
s-z62,103,401563.855,gs-f9c7a6ca,dv-efc4b055,update,nh-0b0fd1a9,37.500
s-z62,104,403262.106,gs-f9c7a6ca,dv-efc4b055,update,nh-0b0fd1a9,29.250
s-z62,105,403961.386,gs-9a35fa75,dv-7108bfd2,begin,nh-a85af5a9,0.000
s-z62,106,404960.357,gs-9a35fa75,dv-7108bfd2,update,nh-0b0fd1a9,39.000
s-z62,107,406059.225,gs-f9c7a6ca,dv-efc4b055,end,nh-0b0fd1a9,47.250
s-z62,108,407657.579,gs-9a35fa75,dv-7108bfd2,update,nh-136f550b,31.500
s-z62,109,410055.109,gs-9a35fa75,dv-7108bfd2,update,nh-0b0fd1a9,-18.000
s-z62,110,412652.434,gs-9a35fa75,dv-7108bfd2,end,nh-0b0fd1a9,12.000
