session,input_us,comp_us
s-a41,105680.971,796669.893
s-a41,144951.834,835959.605
s-a41,197312.983,888345.889
s-a41,236583.846,927635.601
s-b07,104742.557,506625.020
s-b07,138603.224,540505.665
s-b07,183750.781,585679.859
s-b07,217611.449,619560.505
s-c93,105607.037,910867.230
s-c93,146226.849,951515.476
s-c93,200386.598,1005713.137
s-c93,241006.410,1046361.383
s-d55,104868.499,876922.296
s-d55,141426.873,913510.282
s-d55,190171.371,962294.264
s-d55,226729.744,998882.249
s-e18,103731.456,433473.878
s-e18,133538.281,463308.125
s-e18,173280.714,503087.122
s-e18,203087.540,532921.369
s-z62,112858.772,668227.277
s-z62,205198.274,760661.888
s-z62,328317.610,883908.037
s-z62,420657.111,976342.648
