session,generation,slot,item_id
s-a41,0,s0,s-a41-cdc36f85
s-a41,0,s1,s-a41-0ff25c21
s-a41,0,s2,s-a41-064a6915
s-a41,0,s3,s-a41-84985b80
s-a41,0,s4,s-a41-6309c6b0
s-a41,0,s5,s-a41-17e056e0
s-a41,0,s6,s-a41-a8d77ade
s-a41,1,s2,s-a41-17e056e0
s-a41,1,s3,s-a41-a8d77ade
s-a41,1,s4,s-a41-bd4fa2d3
s-a41,1,s5,s-a41-230d625f
s-a41,1,s6,s-a41-03c8439c
s-a41,1,s0,s-a41-6df28567
s-a41,1,s1,s-a41-e849ef8f
s-b07,0,s0,s-b07-a25f0103
s-b07,0,s1,s-b07-5bfff745
s-b07,0,s2,s-b07-35aa4da7
s-b07,0,s3,s-b07-f8d7fc9c
s-b07,0,s4,s-b07-1c9f2ce5
s-b07,0,s5,s-b07-e77685ad
s-b07,0,s6,s-b07-12eff0df
s-b07,1,s2,s-b07-35aa4da7
s-b07,1,s3,s-b07-f8d7fc9c
s-b07,1,s4,s-b07-1c9f2ce5
s-b07,1,s5,s-b07-e77685ad
s-b07,1,s6,s-b07-6b4d7948
s-b07,1,s0,s-b07-12eff0df
s-b07,1,s1,s-b07-d5fc2ccf
s-c93,0,s0,s-c93-c2e618fd
s-c93,0,s1,s-c93-43e539c5
s-c93,0,s2,s-c93-aa5f376d
s-c93,0,s3,s-c93-8d2bb6ac
s-c93,0,s4,s-c93-10ee73d3
s-c93,0,s5,s-c93-1f56e388
s-c93,0,s6,s-c93-eb5c1407
s-c93,1,s2,s-c93-8d2bb6ac
s-c93,1,s3,s-c93-10ee73d3
s-c93,1,s4,s-c93-aa5f376d
s-c93,1,s5,s-c93-eb5c1407
s-c93,1,s6,s-c93-651a5a4c
s-c93,1,s0,s-c93-1bbd9f3a
s-c93,1,s1,s-c93-fe49e516
s-d55,0,s0,s-d55-7c9ecec7
s-d55,0,s1,s-d55-1c5bf51b
s-d55,0,s2,s-d55-5f6ea4bb
s-d55,0,s3,s-d55-6c5a1387
s-d55,0,s4,s-d55-a6e4942c
s-d55,0,s5,s-d55-20055b5f
s-d55,0,s6,s-d55-030af4e2
s-e18,0,s0,s-e18-26436752
s-e18,0,s1,s-e18-ed93ccc0
s-e18,0,s2,s-e18-7a260190
s-e18,0,s3,s-e18-d13edd31
s-e18,0,s4,s-e18-a3c673d9
s-e18,0,s5,s-e18-3a21fe8a
s-e18,0,s6,s-e18-b4c9f880
s-e18,1,s2,s-e18-b4c9f880
s-e18,1,s3,s-e18-a70b029c
s-e18,1,s4,s-e18-f27ff949
s-e18,1,s5,s-e18-6bd882fd
s-e18,1,s6,s-e18-940bb066
s-e18,1,s0,s-e18-e4cec3e2
s-e18,1,s1,s-e18-c60f7598
s-z62,0,s0,s-z62-b00140b6
s-z62,0,s1,s-z62-3c715287
s-z62,0,s2,s-z62-c8db499a
s-z62,0,s3,s-z62-276b5b4f
s-z62,0,s4,s-z62-5bcf3dc4
s-z62,0,s5,s-z62-9fc72b31
s-z62,0,s6,s-z62-c9cbbad9
s-z62,1,s2,s-z62-9fc72b31
s-z62,1,s3,s-z62-c9cbbad9
s-z62,1,s4,s-z62-7ea5c9b5
s-z62,1,s5,s-z62-1699d074
s-z62,1,s6,s-z62-fb8a323f
s-z62,1,s0,s-z62-b7cc927e
s-z62,1,s1,s-z62-864f18bf
s-z62,2,s4,s-z62-7ea5c9b5
s-z62,2,s5,s-z62-1699d074
s-z62,2,s6,s-z62-fb8a323f
s-z62,2,s0,s-z62-9d60b70f
s-z62,2,s1,s-z62-b7cc927e
s-z62,2,s2,s-z62-55d445ce
s-z62,2,s3,s-z62-45a6db69
s-z62,3,s6,s-z62-9d60b70f
s-z62,3,s0,s-z62-b7cc927e
s-z62,3,s1,s-z62-55d445ce
s-z62,3,s2,s-z62-45a6db69
s-z62,3,s3,s-z62-a637690b
s-z62,3,s4,s-z62-5af7f671
s-z62,3,s5,s-z62-21880f8e
s-z62,4,s1,s-z62-5af7f671
s-z62,4,s2,s-z62-21880f8e
s-z62,4,s3,s-z62-2e155fe6
s-z62,4,s4,s-z62-bee9cf8a
s-z62,4,s5,s-z62-fb214be8
s-z62,4,s6,s-z62-b00140b6
s-z62,4,s0,s-z62-3c715287
