session,node_handle,lifetime_id,first_frame_seq,last_frame_seq
s-a41,nh-r17,lf-r1a,1,7
s-a41,nh-v13,lf-v1b,1,7
s-a41,nh-w19,lf-w11,1,7
s-a41,nh-l15,lf-l11,1,7
s-a41,nh-x11,lf-x10,1,7
s-b07,nh-r27,lf-r2a,1,7
s-b07,nh-v23,lf-v2b,1,7
s-b07,nh-w29,lf-w21,1,1
s-b07,nh-l25,lf-l21,1,2
s-b07,nh-x21,lf-x20,1,7
s-b07,nh-w29,lf-w22,2,7
s-b07,nh-l25,lf-l22,3,7
s-c93,nh-r37,lf-r3a,1,7
s-c93,nh-v33,lf-v3b,1,7
s-c93,nh-w39,lf-w31,1,7
s-c93,nh-l35,lf-l31,1,7
s-c93,nh-x31,lf-x30,1,7
s-d55,nh-r47,lf-r4a,1,5
s-d55,nh-v43,lf-v4b,1,5
s-d55,nh-w49,lf-w41,1,1
s-d55,nh-l45,lf-l41,1,2
s-d55,nh-x41,lf-x40,1,5
s-d55,nh-w49,lf-w42,2,5
s-d55,nh-l45,lf-l42,3,5
s-e18,nh-r57,lf-r5a,1,5
s-e18,nh-v53,lf-v5b,1,5
s-e18,nh-w59,lf-w51,1,5
s-e18,nh-l55,lf-l51,1,5
s-e18,nh-x51,lf-x50,1,5
s-z62,nh-91c,lf-0d31,1,16
s-z62,nh-2a7,lf-7b92,1,16
s-z62,nh-b44,lf-31af,1,8
s-z62,nh-c06,lf-55e4,1,10
s-z62,nh-4ee,lf-e777,1,16
s-z62,nh-b44,lf-a8c2,9,16
s-z62,nh-c06,lf-d109,11,16
