session,frame_seq,frame_id,comp_us,property_rev
s-a41,1,pf-a41-31b,830849.195,12
s-a41,2,pf-a41-322,832749.634,16
s-a41,3,pf-a41-336,875859.598,22
s-a41,4,pf-a41-33d,877760.037,26
s-a41,5,pf-a41-351,900865.377,32
s-a41,6,pf-a41-358,902765.816,36
s-a41,7,pf-a41-900,906366.648,39
s-b07,1,pf-b07-36c,541605.665,12
s-b07,2,pf-b07-373,543505.113,16
s-b07,3,pf-b07-387,571596.947,22
s-b07,4,pf-b07-38e,573496.395,26
s-b07,5,pf-b07-3a2,591591.136,32
s-b07,6,pf-b07-3a9,593490.584,36
s-b07,7,pf-b07-961,597089.537,39
s-c93,1,pf-c93-3bd,944845.268,12
s-c93,2,pf-c93-3c4,946746.426,16
s-c93,3,pf-c93-3d8,999878.786,22
s-c93,4,pf-c93-3df,1001779.944,26
s-c93,5,pf-c93-3f3,1019890.974,32
s-c93,6,pf-c93-3fa,1021792.132,36
s-c93,7,pf-c93-9c2,1025394.326,39
s-d55,1,pf-d55-40e,911501.854,12
s-d55,2,pf-d55-415,913402.175,16
s-d55,3,pf-d55-429,971511.984,22
s-d55,4,pf-d55-430,973412.305,26
s-d55,5,pf-d55-a23,977012.913,29
s-e18,1,pf-e18-45f,469053.989,12
s-e18,2,pf-e18-466,470953.858,16
s-e18,3,pf-e18-47a,504051.580,22
s-e18,4,pf-e18-481,505951.449,26
s-e18,5,pf-e18-a84,509551.202,29
s-z62,1,pf-4c57,694533.260,4
s-z62,2,pf-7ea1,696183.868,4
s-z62,3,pf-4d8e,724544.324,7
s-z62,4,pf-4ec5,742550.963,11
s-z62,5,pf-81c3,744201.572,11
s-z62,6,pf-4ffc,762558.340,16
s-z62,7,pf-5133,826581.945,20
s-z62,8,pf-84e5,828232.553,20
s-z62,9,pf-526a,846589.321,24
s-z62,10,pf-53a1,866596.698,29
s-z62,11,pf-54d8,890605.550,33
s-z62,12,pf-8998,892256.158,33
s-z62,13,pf-560f,906611.451,38
s-z62,14,pf-5746,954629.155,43
s-z62,15,pf-a3b7,959881.091,47
s-z62,16,pf-a66e,966883.673,52
