session,checkpoint_id,paint_frame,tree_revision,visual_scroll_css,marker_item,marker_offset_css
s-a41,s-a41-c01,pf-a41-31b,12,274.2500,s-a41-bd4fa2d3,38.0000
s-a41,s-a41-c02,pf-a41-336,22,229.0000,s-a41-230d625f,18.0000
s-a41,s-a41-c03,pf-a41-351,32,302.7500,s-a41-03c8439c,21.5000
s-b07,s-b07-c01,pf-b07-36c,12,379.7500,s-b07-151bf968,59.7500
s-b07,s-b07-c02,pf-b07-387,22,445.7500,s-b07-d5fc2ccf,13.5000
s-b07,s-b07-c03,pf-b07-3a2,32,520.2500,s-b07-efd3fb8b,20.5000
s-c93,s-c93-c01,pf-c93-3bd,12,230.7500,s-c93-eb5c1407,11.0000
s-c93,s-c93-c02,pf-c93-3d8,22,565.7500,s-c93-abcb7d70,49.5000
s-c93,s-c93-c03,pf-c93-3f3,32,546.5000,s-c93-abcb7d70,11.2500
s-d55,s-d55-c01,pf-d55-40e,12,317.0000,s-d55-a6a8b853,2.7500
s-d55,s-d55-c02,pf-d55-429,22,489.5000,s-d55-4d97ddd2,13.7500
s-e18,s-e18-c01,pf-e18-45f,12,386.5000,s-e18-6bd882fd,9.5000
s-e18,s-e18-c02,pf-e18-47a,22,306.7500,s-e18-940bb066,16.2500
