session,present_id,display_us,root_handle
s-a41,pr-24cbb9aa,189808.460,sh-7aed34
s-a41,pr-6878ffa8,191701.274,sh-7aed34
s-a41,pr-bd1d7e0f,234646.460,sh-7aed34
s-a41,pr-3e962afe,236539.274,sh-7aed34
s-a41,pr-43724ff3,259556.460,sh-7aed34
s-a41,pr-d2f76ba3,260991.036,sh-7aed34
s-a41,pr-9042b292,264209.493,sh-7aed34
s-b07,pr-eb4f8a55,272372.440,sh-b1db7b
s-b07,pr-5e71905a,274268.524,sh-b1db7b
s-b07,pr-af52b9ce,302303.740,sh-b1db7b
s-b07,pr-ce709134,304199.824,sh-b1db7b
s-b07,pr-492bd0df,322257.940,sh-b1db7b
s-c93,pr-f50bcd92,347339.491,sh-94d3c8
s-c93,pr-473fcafe,349236.716,sh-94d3c8
s-c93,pr-af4d4d67,402285.591,sh-94d3c8
s-c93,pr-237d8392,404182.816,sh-94d3c8
s-c93,pr-e7ad56c3,422265.991,sh-94d3c8
s-d55,pr-1e8e3f7f,426895.941,sh-f57032
s-d55,pr-15eaa511,428796.314,sh-f57032
s-d55,pr-10cadf85,486915.741,sh-f57032
s-d55,pr-feb1d7cc,488816.115,sh-f57032
s-e18,pr-700e0c75,509852.395,sh-3a4bb1
s-e18,pr-185aa52b,511755.614,sh-3a4bb1
s-e18,pr-09d44fae,544909.795,sh-3a4bb1
s-e18,pr-e8fc98ed,546813.014,sh-3a4bb1
s-z62,pr-5026a9a2,595418.790,sh-d2626d
s-z62,pr-a4400c2f,625507.290,sh-d2626d
s-z62,pr-f0f83c4e,643560.390,sh-d2626d
s-z62,pr-5688940c,663619.390,sh-d2626d
s-z62,pr-bdd92d57,727808.190,sh-d2626d
s-z62,pr-181b9030,747867.190,sh-d2626d
s-z62,pr-d35a4287,767926.190,sh-d2626d
s-z62,pr-f8e02217,791996.990,sh-d2626d
s-z62,pr-c09fb41e,808044.190,sh-d2626d
s-z62,pr-5096cd33,856185.790,sh-d2626d
