session,batch_id,obs_seq,capture_generation,slot,height_device_px,frame_scale
s-a41,s-a41-b01,1,0,s2,79.375,1.25
s-a41,s-a41-b01,2,0,s2,93.75,1.25
s-b07,s-b07-b01,1,1,s2,94.5,1.5
s-c93,s-c93-b01,1,0,s1,143.5,2.0
s-c93,s-c93-b02,1,1,s2,86.875,1.25
s-d55,s-d55-b01,1,0,s0,111.0,1.5
s-e18,s-e18-b01,1,0,s4,101.0625,1.75
s-e18,s-e18-b01,2,0,s4,127.3125,1.75
s-z62,s-z62-b01,1,0,s2,77.8125,1.25
s-z62,s-z62-b01,2,0,s2,96.5625,1.25
s-z62,s-z62-b02,1,2,s5,171.5,2.0
s-z62,s-z62-b03,1,2,s2,109.125,1.5
s-z62,s-z62-b03,2,2,s2,130.125,1.5
s-z62,s-z62-b04,1,3,s6,70.0,1.25
s-z62,s-z62-b05,1,3,s2,159.25,1.75
s-z62,s-z62-b06,1,4,s3,100.125,1.5
s-z62,s-z62-b07,1,4,s3,116.625,1.5
