session,item_id,initial_height_css
s-a41,s-a41-cdc36f85,38.250
s-a41,s-a41-0ff25c21,66.500
s-a41,s-a41-064a6915,46.000
s-a41,s-a41-84985b80,42.750
s-a41,s-a41-6309c6b0,38.500
s-a41,s-a41-17e056e0,42.250
s-a41,s-a41-a8d77ade,50.000
s-a41,s-a41-bd4fa2d3,50.500
s-a41,s-a41-230d625f,70.250
s-a41,s-a41-03c8439c,50.000
s-a41,s-a41-6df28567,58.250
s-a41,s-a41-e849ef8f,62.750
s-a41,s-a41-e8391278,58.000
s-a41,s-a41-797140a5,58.250
s-a41,s-a41-305a3773,50.000
s-a41,s-a41-f48ec9d8,66.750
s-a41,s-a41-b58ca39c,38.000
s-a41,s-a41-7397f9ed,50.500
s-b07,s-b07-a25f0103,58.250
s-b07,s-b07-5bfff745,46.250
s-b07,s-b07-35aa4da7,42.000
s-b07,s-b07-f8d7fc9c,58.000
s-b07,s-b07-1c9f2ce5,70.500
s-b07,s-b07-e77685ad,70.750
s-b07,s-b07-12eff0df,62.250
s-b07,s-b07-151bf968,70.500
s-b07,s-b07-abac7cf0,70.000
s-b07,s-b07-6b4d7948,42.250
s-b07,s-b07-d5fc2ccf,46.500
s-b07,s-b07-efd3fb8b,42.250
s-b07,s-b07-4f72afc9,62.500
s-b07,s-b07-98f6a611,66.250
s-b07,s-b07-798b19b5,62.250
s-b07,s-b07-061d223a,70.500
s-b07,s-b07-7733d985,42.000
s-b07,s-b07-78f9d2af,62.750
s-c93,s-c93-c2e618fd,58.750
s-c93,s-c93-43e539c5,38.750
s-c93,s-c93-aa5f376d,70.250
s-c93,s-c93-8d2bb6ac,50.500
s-c93,s-c93-10ee73d3,46.750
s-c93,s-c93-1f56e388,42.750
s-c93,s-c93-eb5c1407,54.250
s-c93,s-c93-651a5a4c,54.250
s-c93,s-c93-1bbd9f3a,46.500
s-c93,s-c93-fe49e516,66.250
s-c93,s-c93-839b5ae3,42.250
s-c93,s-c93-abcb7d70,50.750
s-c93,s-c93-430dbfde,70.500
s-c93,s-c93-d1256a35,38.250
s-c93,s-c93-63e55a01,58.750
s-c93,s-c93-804a8afa,46.250
s-c93,s-c93-cbee9b69,62.500
s-c93,s-c93-b77f199b,58.750
s-d55,s-d55-7c9ecec7,50.000
s-d55,s-d55-1c5bf51b,62.500
s-d55,s-d55-5f6ea4bb,38.000
s-d55,s-d55-6c5a1387,42.250
s-d55,s-d55-a6e4942c,62.250
s-d55,s-d55-20055b5f,50.000
s-d55,s-d55-030af4e2,38.750
s-d55,s-d55-3e9e7d45,58.500
s-d55,s-d55-a6a8b853,70.750
s-d55,s-d55-725f5594,66.750
s-d55,s-d55-4d97ddd2,46.500
s-d55,s-d55-5414ac0a,54.250
s-d55,s-d55-f538d8fa,58.500
s-d55,s-d55-67d65d5a,58.250
s-d55,s-d55-6706a85e,46.750
s-d55,s-d55-21ddc5ab,54.000
s-d55,s-d55-292d95c9,58.250
s-d55,s-d55-85b050ac,42.750
s-e18,s-e18-26436752,70.250
s-e18,s-e18-ed93ccc0,42.000
s-e18,s-e18-7a260190,46.750
s-e18,s-e18-d13edd31,46.500
s-e18,s-e18-a3c673d9,46.750
s-e18,s-e18-3a21fe8a,62.500
s-e18,s-e18-b4c9f880,58.000
s-e18,s-e18-a70b029c,54.000
s-e18,s-e18-f27ff949,38.250
s-e18,s-e18-6bd882fd,46.500
s-e18,s-e18-940bb066,38.750
s-e18,s-e18-e4cec3e2,46.750
s-e18,s-e18-c60f7598,54.750
s-e18,s-e18-b720278d,66.500
s-e18,s-e18-69b3b303,62.000
s-e18,s-e18-8336daa3,38.500
s-e18,s-e18-8b348cea,66.750
s-e18,s-e18-12cde97a,58.750
s-z62,s-z62-b00140b6,50.750
s-z62,s-z62-3c715287,66.250
s-z62,s-z62-c8db499a,50.250
s-z62,s-z62-276b5b4f,58.250
s-z62,s-z62-5bcf3dc4,54.750
s-z62,s-z62-9fc72b31,42.500
s-z62,s-z62-c9cbbad9,50.750
s-z62,s-z62-7ea5c9b5,70.250
s-z62,s-z62-1699d074,54.750
s-z62,s-z62-fb8a323f,38.000
s-z62,s-z62-b7cc927e,42.750
s-z62,s-z62-864f18bf,38.750
s-z62,s-z62-6176be4a,38.000
s-z62,s-z62-9d60b70f,38.000
s-z62,s-z62-55d445ce,50.750
s-z62,s-z62-45a6db69,66.000
s-z62,s-z62-a637690b,50.500
s-z62,s-z62-5af7f671,38.000
s-z62,s-z62-21880f8e,70.500
s-z62,s-z62-2e155fe6,38.750
s-z62,s-z62-bee9cf8a,58.500
s-z62,s-z62-fb214be8,62.750
