trace_id,slice_id,committed_count,height_sum_css,scroll_adjust_css,pending_units,held_count
cal-01,cal-01-s05,10,-1.7500,2.5000,18,0
cal-01,cal-01-s08,15,1.5000,2.2500,0,0
cal-01,cal-01-s09,15,1.5000,2.2500,0,0
cal-02,cal-02-s05,1,-2.7500,0.0000,38,5
cal-02,cal-02-s09,12,6.7500,2.2500,15,0
cal-02,cal-02-s10,14,3.2500,4.0000,8,0
cal-03,cal-03-s05,6,4.2500,1.5000,21,5
cal-03,cal-03-s08,12,7.2500,0.7500,8,2
cal-03,cal-03-s09,16,10.5000,0.2500,1,0
cal-04,cal-04-s05,6,8.0000,0.5000,17,2
cal-04,cal-04-s09,15,21.7500,-3.7500,0,0
cal-04,cal-04-s10,15,21.7500,-3.7500,0,0
cal-05,cal-05-s05,4,2.0000,0.5000,19,4
cal-05,cal-05-s08,10,-4.5000,-3.0000,4,4
cal-05,cal-05-s09,16,-2.7500,-4.2500,0,0
cal-06,cal-06-s05,3,9.0000,0.5000,30,5
cal-06,cal-06-s09,15,17.5000,1.5000,8,0
cal-06,cal-06-s10,16,20.5000,0.5000,2,0
cal-07,cal-07-s05,7,4.0000,4.7500,22,3
cal-07,cal-07-s08,13,9.2500,3.7500,5,0
cal-07,cal-07-s09,15,9.5000,5.5000,0,0
cal-x01,cal-x01-s03,1,3.7500,-1.0000,47,3
