trace_id,slice_id,ui_ms,budget_units
cal-01,cal-01-s00,14.500,3
cal-01,cal-01-s01,23.000,8
cal-01,cal-01-s02,33.000,5
cal-01,cal-01-s03,38.500,5
cal-01,cal-01-s04,48.500,6
cal-01,cal-01-s05,60.500,7
cal-01,cal-01-s06,67.500,8
cal-01,cal-01-s07,74.500,7
cal-01,cal-01-s08,80.000,4
cal-01,cal-01-s09,87.000,8
cal-02,cal-02-s00,13.000,3
cal-02,cal-02-s01,18.500,7
cal-02,cal-02-s02,30.500,4
cal-02,cal-02-s03,40.500,6
cal-02,cal-02-s04,50.500,8
cal-02,cal-02-s05,57.500,4
cal-02,cal-02-s06,63.000,8
cal-02,cal-02-s07,70.000,4
cal-02,cal-02-s08,77.000,3
cal-02,cal-02-s09,89.000,8
cal-02,cal-02-s10,101.000,7
cal-03,cal-03-s00,16.000,3
cal-03,cal-03-s01,28.000,8
cal-03,cal-03-s02,38.000,5
cal-03,cal-03-s03,50.000,7
cal-03,cal-03-s04,58.500,3
cal-03,cal-03-s05,70.500,8
cal-03,cal-03-s06,80.500,3
cal-03,cal-03-s07,86.000,6
cal-03,cal-03-s08,91.500,4
cal-03,cal-03-s09,98.500,7
cal-04,cal-04-s00,13.000,6
cal-04,cal-04-s01,23.000,3
cal-04,cal-04-s02,31.500,8
cal-04,cal-04-s03,37.000,8
cal-04,cal-04-s04,47.000,6
cal-04,cal-04-s05,55.500,3
cal-04,cal-04-s06,64.000,6
cal-04,cal-04-s07,69.500,3
cal-04,cal-04-s08,81.500,6
cal-04,cal-04-s09,87.000,6
cal-04,cal-04-s10,94.000,6
cal-05,cal-05-s00,16.000,6
cal-05,cal-05-s01,26.000,8
cal-05,cal-05-s02,31.500,5
cal-05,cal-05-s03,38.500,3
cal-05,cal-05-s04,50.500,8
cal-05,cal-05-s05,60.500,5
cal-05,cal-05-s06,66.000,6
cal-05,cal-05-s07,74.500,6
cal-05,cal-05-s08,86.500,3
cal-05,cal-05-s09,95.000,4
cal-06,cal-06-s00,18.000,7
cal-06,cal-06-s01,23.500,8
cal-06,cal-06-s02,30.500,3
cal-06,cal-06-s03,39.000,5
cal-06,cal-06-s04,47.500,6
cal-06,cal-06-s05,56.000,6
cal-06,cal-06-s06,63.000,4
cal-06,cal-06-s07,73.000,4
cal-06,cal-06-s08,78.500,8
cal-06,cal-06-s09,85.500,6
cal-06,cal-06-s10,92.500,6
cal-07,cal-07-s00,13.000,3
cal-07,cal-07-s01,20.000,3
cal-07,cal-07-s02,25.500,8
cal-07,cal-07-s03,31.000,6
cal-07,cal-07-s04,39.500,5
cal-07,cal-07-s05,46.500,6
cal-07,cal-07-s06,52.000,4
cal-07,cal-07-s07,60.500,8
cal-07,cal-07-s08,67.500,5
cal-07,cal-07-s09,76.000,8
inc-z62,inc-z62-s00,14.500,6
inc-z62,inc-z62-s01,20.000,6
inc-z62,inc-z62-s02,27.000,6
inc-z62,inc-z62-s03,34.000,8
inc-z62,inc-z62-s04,46.000,4
inc-z62,inc-z62-s05,56.000,7
inc-z62,inc-z62-s06,68.000,4
inc-z62,inc-z62-s07,80.000,8
inc-z62,inc-z62-s08,90.000,8
inc-z62,inc-z62-s09,97.000,5
inc-z62,inc-z62-s10,109.000,8
inc-z62,inc-z62-s11,117.500,7
inc-z62,inc-z62-s12,126.000,5
inc-z62,inc-z62-s13,136.000,6
inc-z62,inc-z62-s14,146.000,8
inc-z62,inc-z62-s15,158.000,7
inc-z62,inc-z62-s16,170.000,6
inc-z62,inc-z62-s17,178.500,8
inc-z62,inc-z62-s18,187.000,7
inc-z62,inc-z62-s19,195.500,5
inc-z62,inc-z62-s20,204.000,5
inc-z62,inc-z62-s21,212.500,5
inc-z62,inc-z62-s22,221.000,4
inc-z62,inc-z62-s23,233.000,6
inc-z62,inc-z62-s24,245.000,8
inc-z62,inc-z62-s25,250.500,4
cal-x01,cal-x01-s00,11.500,4
cal-x01,cal-x01-s01,18.500,3
cal-x01,cal-x01-s02,28.500,3
cal-x01,cal-x01-s03,34.000,5
cal-x01,cal-x01-s04,39.500,8
cal-x01,cal-x01-s05,46.500,7
cal-x01,cal-x01-s06,55.000,4
cal-x01,cal-x01-s07,65.000,6
cal-x01,cal-x01-s08,72.000,8
cal-x01,cal-x01-s09,82.000,5
cal-x01,cal-x01-s10,87.500,4
cal-x01,cal-x01-s11,97.500,4
