session,frame_id,render_commit,pending_input_css,effective_scroll_css
s-a41,pf-a41-322,cm-3f6ef407,8.0000,57.2500
s-a41,pf-a41-33d,cm-7f325e5b,20.0000,91.7500
s-a41,pf-a41-900,cm-3b3256ad,29.5000,87.7500
s-b07,pf-b07-373,cm-6a5b811b,20.0000,81.2500
s-b07,pf-b07-38e,cm-578373f9,38.0000,67.7500
s-b07,pf-b07-961,cm-9502568e,32.5000,71.7500
s-c93,pf-c93-3c4,cm-5e9a426d,16.0000,89.2500
s-c93,pf-c93-3df,cm-b0d67640,42.0000,83.7500
s-c93,pf-c93-9c2,cm-dfe70c85,28.5000,79.7500
s-d55,pf-d55-415,cm-dd1c7d16,20.0000,51.2500
s-d55,pf-d55-a23,cm-2c1bed6b,16.0000,69.7500
s-e18,pf-e18-466,cm-f2a34cbc,20.0000,63.2500
s-e18,pf-e18-a84,cm-4748d188,20.0000,85.7500
