session,commit_id,instance_id,base_css
s-a41,cm-3f6ef407,ni-a5538495,31.250
s-a41,cm-3f6ef407,ni-f49b2283,18.000
s-a41,cm-3f6ef407,ni-8d605818,0.000
s-a41,cm-7f325e5b,ni-7b6f72c1,44.750
s-a41,cm-7f325e5b,ni-08a73f39,27.000
s-a41,cm-7f325e5b,ni-5d29ed69,0.000
s-a41,cm-3b3256ad,ni-08a73f39,13.500
s-b07,cm-6a5b811b,ni-ece3bb7e,38.250
s-b07,cm-6a5b811b,ni-3ef77df3,23.000
s-b07,cm-6a5b811b,ni-b684bee0,0.000
s-b07,cm-578373f9,ni-fc7f1140,20.750
s-b07,cm-578373f9,ni-c3dff1e7,9.000
s-b07,cm-578373f9,ni-6451a88e,0.000
s-b07,cm-9502568e,ni-c3dff1e7,18.500
s-c93,cm-5e9a426d,ni-552fbc52,45.250
s-c93,cm-5e9a426d,ni-db72cfc7,28.000
s-c93,cm-5e9a426d,ni-c4c9c683,0.000
s-c93,cm-b0d67640,ni-88c95a83,27.750
s-c93,cm-b0d67640,ni-5a2650cd,14.000
s-c93,cm-b0d67640,ni-21562697,0.000
s-c93,cm-dfe70c85,ni-5a2650cd,23.500
s-d55,cm-dd1c7d16,ni-63e53bb3,21.250
s-d55,cm-dd1c7d16,ni-3a576fbd,10.000
s-d55,cm-dd1c7d16,ni-553b9b28,0.000
s-d55,cm-2c1bed6b,ni-a78a6141,34.750
s-d55,cm-2c1bed6b,ni-9fe9bc0b,19.000
s-d55,cm-2c1bed6b,ni-15cc5a84,0.000
s-e18,cm-f2a34cbc,ni-136e2cd3,28.250
s-e18,cm-f2a34cbc,ni-52559451,15.000
s-e18,cm-f2a34cbc,ni-4aad2de7,0.000
s-e18,cm-4748d188,ni-799d7b88,41.750
s-e18,cm-4748d188,ni-82749311,24.000
s-e18,cm-4748d188,ni-ee739cc0,0.000
s-z62,cm-444998c1,ni-afbdc460,35.250
s-z62,cm-444998c1,ni-dccfce1a,20.000
s-z62,cm-444998c1,ni-b543bcc5,0.000
s-z62,cm-1f0d8729,ni-afbdc460,48.750
s-z62,cm-976f44ac,ni-dccfce1a,15.500
s-z62,cm-4061b3ff,ni-afbdc460,43.750
s-z62,cm-2547e592,ni-dccfce1a,10.000
s-z62,cm-c4eacc69,ni-a49a3581,38.750
s-z62,cm-c4eacc69,ni-d80b6341,19.500
s-z62,cm-c4eacc69,ni-2c17fc77,0.000
s-z62,cm-0ff091f8,ni-d80b6341,28.000
s-z62,cm-ae71b8a3,ni-a49a3581,33.750
s-z62,cm-1653315e,ni-d80b6341,23.500
s-z62,cm-cdee08e6,ni-a49a3581,28.750
s-z62,cm-b54769fe,ni-d80b6341,18.000
