session,ack_set_id,device_token,ack_input_seq
s-a41,ak-0eac4a87,dv-dda7dccd,0
s-a41,ak-0eac4a87,dv-f271b827,2
s-a41,ak-892a1acd,dv-dda7dccd,10
s-a41,ak-892a1acd,dv-f271b827,7
s-a41,ak-cff86d54,dv-dda7dccd,16
s-a41,ak-cff86d54,dv-f271b827,22
s-b07,ak-4ca0b176,dv-3d3a01f8,0
s-b07,ak-4ca0b176,dv-4b45dc78,2
s-b07,ak-716d5818,dv-3d3a01f8,10
s-b07,ak-716d5818,dv-4b45dc78,7
s-b07,ak-97fdb7dd,dv-3d3a01f8,16
s-b07,ak-97fdb7dd,dv-4b45dc78,22
s-c93,ak-2faebce4,dv-7f7eef02,0
s-c93,ak-2faebce4,dv-8b019235,2
s-c93,ak-1443367b,dv-7f7eef02,10
s-c93,ak-1443367b,dv-8b019235,7
s-c93,ak-77f23440,dv-7f7eef02,16
s-c93,ak-77f23440,dv-8b019235,22
s-d55,ak-4c73a12c,dv-59317e36,0
s-d55,ak-4c73a12c,dv-2bd3d5b6,2
s-d55,ak-afd0b6d4,dv-59317e36,10
s-d55,ak-afd0b6d4,dv-2bd3d5b6,7
s-e18,ak-35044104,dv-cf359c12,0
s-e18,ak-35044104,dv-ba5b5e64,2
s-e18,ak-ca01d2f4,dv-cf359c12,10
s-e18,ak-ca01d2f4,dv-ba5b5e64,7
s-z62,ak-0fbc2374,dv-7108bfd2,0
s-z62,ak-0fbc2374,dv-efc4b055,2
s-z62,ak-71c7df6b,dv-7108bfd2,10
s-z62,ak-71c7df6b,dv-efc4b055,7
s-z62,ak-80b28d02,dv-7108bfd2,16
s-z62,ak-80b28d02,dv-efc4b055,22
s-z62,ak-989fcefd,dv-7108bfd2,30
s-z62,ak-989fcefd,dv-efc4b055,27
s-z62,ak-59346327,dv-7108bfd2,36
s-z62,ak-59346327,dv-efc4b055,42
s-z62,ak-fd17080c,dv-7108bfd2,50
s-z62,ak-fd17080c,dv-efc4b055,47
s-z62,ak-f22a5db5,dv-7108bfd2,56
s-z62,ak-f22a5db5,dv-efc4b055,62
s-z62,ak-33ea99bc,dv-7108bfd2,70
s-z62,ak-33ea99bc,dv-efc4b055,67
s-z62,ak-d208ef3c,dv-7108bfd2,76
s-z62,ak-d208ef3c,dv-efc4b055,82
s-z62,ak-f3de78f0,dv-7108bfd2,90
s-z62,ak-f3de78f0,dv-efc4b055,87
s-z62,ak-1deda880,dv-7108bfd2,96
s-z62,ak-1deda880,dv-efc4b055,102
