session,node_handle,instance_id,first_comp_us,last_comp_us,parent_instance_id,min_css,max_css
s-a41,nh-468d9148,ni-a5538495,780849.195,854304.616,ni-f49b2283,0.000,42.250
s-a41,nh-f34d9954,ni-f49b2283,780849.195,854304.616,ni-8d605818,0.000,27.000
s-a41,nh-70871a8c,ni-8d605818,780849.195,854304.616,,0.000,0.000
s-a41,nh-468d9148,ni-7b6f72c1,854304.617,956366.648,ni-08a73f39,0.000,55.750
s-a41,nh-f34d9954,ni-08a73f39,854304.617,956366.648,ni-5d29ed69,0.000,36.000
s-a41,nh-70871a8c,ni-5d29ed69,854304.617,956366.648,,0.000,0.000
s-b07,nh-86ce0c3a,ni-ece3bb7e,491605.665,557551.030,ni-3ef77df3,0.000,49.250
s-b07,nh-b5cafaec,ni-3ef77df3,491605.665,557551.030,ni-b684bee0,0.000,32.000
s-b07,nh-59c89695,ni-b684bee0,491605.665,557551.030,,0.000,0.000
s-b07,nh-86ce0c3a,ni-fc7f1140,557551.031,647089.537,ni-c3dff1e7,0.000,44.250
s-b07,nh-b5cafaec,ni-c3dff1e7,557551.031,647089.537,ni-6451a88e,0.000,27.500
s-b07,nh-59c89695,ni-6451a88e,557551.031,647089.537,,0.000,0.000
s-c93,nh-1b16a699,ni-552fbc52,894845.268,973312.606,ni-db72cfc7,0.000,56.250
s-c93,nh-12b6f260,ni-db72cfc7,894845.268,973312.606,ni-c4c9c683,0.000,37.000
s-c93,nh-c41604a1,ni-c4c9c683,894845.268,973312.606,,0.000,0.000
s-c93,nh-1b16a699,ni-88c95a83,973312.607,1075394.326,ni-5a2650cd,0.000,51.250
s-c93,nh-12b6f260,ni-5a2650cd,973312.607,1075394.326,ni-21562697,0.000,32.500
s-c93,nh-c41604a1,ni-21562697,973312.607,1075394.326,,0.000,0.000
s-d55,nh-424739d0,ni-63e53bb3,861501.854,942457.079,ni-3a576fbd,0.000,32.250
s-d55,nh-624aa04d,ni-3a576fbd,861501.854,942457.079,ni-553b9b28,0.000,19.000
s-d55,nh-a7cbae63,ni-553b9b28,861501.854,942457.079,,0.000,0.000
s-d55,nh-424739d0,ni-a78a6141,942457.081,1027012.913,ni-9fe9bc0b,0.000,45.750
s-d55,nh-624aa04d,ni-9fe9bc0b,942457.081,1027012.913,ni-15cc5a84,0.000,28.000
s-d55,nh-a7cbae63,ni-15cc5a84,942457.081,1027012.913,,0.000,0.000
s-e18,nh-32c332c9,ni-136e2cd3,419053.989,487502.719,ni-52559451,0.000,39.250
s-e18,nh-c0cc8eab,ni-52559451,419053.989,487502.719,ni-4aad2de7,0.000,24.000
s-e18,nh-6c27f168,ni-4aad2de7,419053.989,487502.719,,0.000,0.000
s-e18,nh-32c332c9,ni-799d7b88,487502.720,559551.202,ni-82749311,0.000,52.750
s-e18,nh-c0cc8eab,ni-82749311,487502.720,559551.202,ni-ee739cc0,0.000,33.000
s-e18,nh-6c27f168,ni-ee739cc0,487502.720,559551.202,,0.000,0.000
s-z62,nh-a85af5a9,ni-afbdc460,644533.260,837410.937,ni-dccfce1a,0.000,59.750
s-z62,nh-136f550b,ni-dccfce1a,644533.260,837410.937,ni-b543bcc5,0.000,38.000
s-z62,nh-0b0fd1a9,ni-b543bcc5,644533.260,837410.937,,0.000,0.000
s-z62,nh-a85af5a9,ni-a49a3581,837410.938,1016883.673,ni-d80b6341,0.000,57.250
s-z62,nh-136f550b,ni-d80b6341,837410.938,1016883.673,ni-2c17fc77,0.000,37.000
s-z62,nh-0b0fd1a9,ni-2c17fc77,837410.938,1016883.673,,0.000,0.000
