session,commit_id,parent_commit_id,ui_ms,applied_comp_us,ack_set_id
s-a41,cm-3f6ef407,,9.900,822597.207,ak-0eac4a87
s-a41,cm-7f325e5b,cm-3f6ef407,59.300,872008.627,ak-892a1acd
s-a41,cm-3b3256ad,cm-7f325e5b,77.200,889912.765,ak-cff86d54
s-b07,cm-6a5b811b,,14.300,537756.885,ak-4ca0b176
s-b07,cm-578373f9,cm-6a5b811b,37.200,560650.231,ak-716d5818
s-b07,cm-9502568e,cm-578373f9,64.800,588242.211,ak-97fdb7dd
s-c93,cm-5e9a426d,,2.200,933888.382,ak-2faebce4
s-c93,cm-b0d67640,cm-5e9a426d,64.800,996526.531,ak-1443367b
s-c93,cm-dfe70c85,cm-b0d67640,81.600,1013336.769,ak-77f23440
s-d55,cm-dd1c7d16,,6.800,908151.229,ak-4c73a12c
s-d55,cm-2c1bed6b,cm-dd1c7d16,63.600,964960.819,ak-afd0b6d4
s-e18,cm-f2a34cbc,,6.600,462504.464,ak-35044104
s-e18,cm-4748d188,cm-f2a34cbc,46.100,502001.745,ak-ca01d2f4
s-z62,cm-444998c1,,14.350,692482.375,ak-0fbc2374
s-z62,cm-1f0d8729,cm-444998c1,38.150,716291.152,ak-71c7df6b
s-z62,cm-976f44ac,cm-1f0d8729,60.550,738699.414,ak-80b28d02
s-z62,cm-4061b3ff,cm-1f0d8729,73.450,751604.172,ak-989fcefd
s-z62,cm-2547e592,cm-4061b3ff,145.050,823230.580,ak-59346327
s-z62,cm-c4eacc69,cm-2547e592,161.850,840036.776,ak-fd17080c
s-z62,cm-0ff091f8,cm-c4eacc69,186.350,864545.813,ak-f22a5db5
s-z62,cm-ae71b8a3,cm-c4eacc69,204.150,882352.378,ak-33ea99bc
s-z62,cm-1653315e,cm-ae71b8a3,224.550,902759.902,ak-d208ef3c
s-z62,cm-cdee08e6,cm-1653315e,265.450,943674.987,ak-f3de78f0
s-z62,cm-b54769fe,cm-cdee08e6,278.300,956529.726,ak-1deda880
