session,parent_frame_token,child_handle
s-a41,ft-07aba676d,sh-8929a2
s-a41,ft-14b6fc60b,sh-8929a2
s-a41,ft-2afac94a8,sh-8929a2
s-a41,ft-38490cd66,sh-9ef86a
s-a41,ft-45ffe9471,sh-8929a2
s-a41,ft-460667892,sh-8929a2
s-a41,ft-484985061,sh-9ef86a
s-a41,ft-4d45aa026,sh-8929a2
s-a41,ft-4d6f88775,sh-8929a2
s-a41,ft-6d5c277c0,sh-9ef86a
s-a41,ft-75831bc97,sh-9ef86a
s-a41,ft-7bf54c9aa,sh-8929a2
s-a41,ft-8a3b66063,sh-8929a2
s-a41,ft-8bad17023,sh-9ef86a
s-a41,ft-96b1f10fa,sh-8929a2
s-a41,ft-b707af96c,sh-8929a2
s-a41,ft-b901a4210,sh-8929a2
s-a41,ft-bae78b403,sh-8929a2
s-a41,ft-bbd5f5fab,sh-8929a2
s-a41,ft-bec16f578,sh-9ef86a
s-a41,ft-e5b3efa01,sh-9ef86a
s-a41,ft-f15cf1744,sh-9ef86a
s-a41,ft-f74292520,sh-9ef86a
s-b07,ft-06678d35c,sh-868758
s-b07,ft-390edf04e,sh-1353ed
s-b07,ft-4630c7f4f,sh-1353ed
s-b07,ft-504de9315,sh-868758
s-b07,ft-62187ae79,sh-1353ed
s-b07,ft-78b0deac4,sh-868758
s-b07,ft-84bcfd591,sh-868758
s-b07,ft-8ae0094ba,sh-1353ed
s-b07,ft-93506beca,sh-868758
s-b07,ft-9352f53e6,sh-1353ed
s-b07,ft-a42731080,sh-1353ed
s-b07,ft-ae11496ef,sh-1353ed
s-b07,ft-b6b9bd9ee,sh-1353ed
s-b07,ft-bac78cbfa,sh-868758
s-b07,ft-c5ff7c1b6,sh-1353ed
s-b07,ft-fe1f0057d,sh-1353ed
s-b07,ft-fe3a7f87a,sh-868758
s-c93,ft-0e1c2c74c,sh-a3c1fb
s-c93,ft-12844b31c,sh-13dff1
s-c93,ft-14527dda8,sh-a3c1fb
s-c93,ft-1e5ebd332,sh-13dff1
s-c93,ft-354dbd8c2,sh-13dff1
s-c93,ft-40a5d371b,sh-a3c1fb
s-c93,ft-4ded544e3,sh-a3c1fb
s-c93,ft-52aaffb9d,sh-13dff1
s-c93,ft-71c42a3bf,sh-13dff1
s-c93,ft-79a4ad289,sh-13dff1
s-c93,ft-8503a9a16,sh-13dff1
s-c93,ft-8f727797f,sh-13dff1
s-c93,ft-96c3f0827,sh-a3c1fb
s-c93,ft-a83579362,sh-13dff1
s-c93,ft-bb5f0b949,sh-a3c1fb
s-c93,ft-dca3be54f,sh-a3c1fb
s-c93,ft-f84a1af2a,sh-13dff1
s-d55,ft-01de4c8c1,sh-be385b
s-d55,ft-0897078c5,sh-be385b
s-d55,ft-211ef5579,sh-be385b
s-d55,ft-5e2b51c95,sh-04959e
s-d55,ft-6085fe30e,sh-be385b
s-d55,ft-6c797409b,sh-04959e
s-d55,ft-6f31fedef,sh-04959e
s-d55,ft-8a1a691b7,sh-04959e
s-d55,ft-93dccbc12,sh-04959e
s-d55,ft-a68eda48c,sh-04959e
s-d55,ft-ad966e7cf,sh-04959e
s-d55,ft-b40777cf6,sh-04959e
s-d55,ft-bcdf29f40,sh-be385b
s-d55,ft-ff2ead26b,sh-be385b
s-e18,ft-0afc29d25,sh-8386f1
s-e18,ft-1b648d537,sh-99bc11
s-e18,ft-20e364518,sh-8386f1
s-e18,ft-25aa03c75,sh-8386f1
s-e18,ft-269bc5e13,sh-99bc11
s-e18,ft-3add2d9eb,sh-99bc11
s-e18,ft-3d62d4b22,sh-99bc11
s-e18,ft-57e9082d7,sh-99bc11
s-e18,ft-71fd53065,sh-99bc11
s-e18,ft-7ea30e389,sh-8386f1
s-e18,ft-af86566bb,sh-8386f1
s-e18,ft-e266058b9,sh-99bc11
s-e18,ft-e7f84286d,sh-8386f1
s-e18,ft-ea72ef667,sh-99bc11
s-z62,ft-0d3a0d1a6,sh-215eea
s-z62,ft-17ff1090e,sh-e365f9
s-z62,ft-19a1c28fd,sh-215eea
s-z62,ft-1c849344a,sh-215eea
s-z62,ft-21a94ecea,sh-e365f9
s-z62,ft-234b543ca,sh-215eea
s-z62,ft-408ca81cc,sh-215eea
s-z62,ft-4bc743e34,sh-215eea
s-z62,ft-55b30c493,sh-215eea
s-z62,ft-59d388983,sh-e365f9
s-z62,ft-5e2dbb898,sh-215eea
s-z62,ft-5e41c98bb,sh-e365f9
s-z62,ft-60b740c13,sh-e365f9
s-z62,ft-6865cc2f3,sh-215eea
s-z62,ft-697d30b74,sh-215eea
s-z62,ft-70ccbddcf,sh-215eea
s-z62,ft-7e7b695ca,sh-215eea
s-z62,ft-7f77cb167,sh-e365f9
s-z62,ft-96c3383ba,sh-215eea
s-z62,ft-9c9f97275,sh-215eea
s-z62,ft-a0d38ddc9,sh-e365f9
s-z62,ft-a1fe07440,sh-e365f9
s-z62,ft-b427c6f8d,sh-e365f9
s-z62,ft-ca9a44559,sh-215eea
s-z62,ft-cb7a869e1,sh-e365f9
s-z62,ft-cd3cbbcf7,sh-e365f9
s-z62,ft-d3aa96860,sh-215eea
s-z62,ft-d7080f55d,sh-e365f9
s-z62,ft-dafc787dc,sh-215eea
s-z62,ft-df91b12b1,sh-e365f9
s-z62,ft-e304dd946,sh-e365f9
s-z62,ft-e543864c3,sh-215eea
s-z62,ft-e94578b23,sh-215eea
s-z62,ft-f16b98be5,sh-215eea
s-z62,ft-fcd3b4ba5,sh-e365f9
