session,surface_handle,instance_id,first_comp_us,last_comp_us
s-a41,sh-7aed34,si-b8949d3,825849.195,956646.648
s-a41,sh-8929a2,si-b97206e,825849.195,956646.648
s-a41,sh-9ef86a,si-8a75290,825849.195,901145.376
s-a41,sh-9ef86a,si-2faad14,901145.377,956646.648
s-b07,sh-1353ed,si-8e0ef75,536605.665,647369.537
s-b07,sh-868758,si-9cc3248,536605.665,591871.135
s-b07,sh-868758,si-7c04091,591871.136,647369.537
s-b07,sh-b1db7b,si-8d10e99,536605.665,647369.537
s-c93,sh-13dff1,si-c2fc44f,939845.268,1075674.326
s-c93,sh-94d3c8,si-dc8610d,939845.268,1075674.326
s-c93,sh-a3c1fb,si-2df76c7,939845.268,1020170.973
s-c93,sh-a3c1fb,si-345b930,1020170.974,1075674.326
s-d55,sh-04959e,si-4f57bb2,906501.854,1027292.913
s-d55,sh-be385b,si-55a9d8c,906501.854,977292.912
s-d55,sh-be385b,si-5f88b18,977292.913,1027292.913
s-d55,sh-f57032,si-4909e50,906501.854,1027292.913
s-e18,sh-3a4bb1,si-051fd0f,464053.989,559831.202
s-e18,sh-8386f1,si-6cc33d6,464053.989,509831.201
s-e18,sh-8386f1,si-d607374,509831.202,559831.202
s-e18,sh-99bc11,si-c3b1cda,464053.989,559831.202
s-z62,sh-215eea,si-0b872fb,689533.260,1017163.673
s-z62,sh-d2626d,si-a548bc4,689533.260,1017163.673
s-z62,sh-e365f9,si-35e3783,689533.260,744481.571
s-z62,sh-e365f9,si-3d59a41,744481.572,1017163.673
