session,submit_seq,frame_token,surface_handle,instance_id,submitted_comp_us
s-a41,1,ft-2faad143c,sh-9ef86a,si-8a75290,830969.195
s-a41,8,ft-6d5c277c0,sh-8929a2,si-b97206e,831599.542
s-a41,9,ft-4d45aa026,sh-7aed34,si-b8949d3,831879.542
s-a41,10,ft-b707af96c,sh-7aed34,si-b8949d3,832184.542
s-a41,11,ft-bec16f578,sh-8929a2,si-b97206e,832709.634
s-a41,2,ft-a416c3940,sh-9ef86a,si-8a75290,832869.634
s-a41,12,ft-4d6f88775,sh-7aed34,si-b8949d3,833039.634
s-a41,13,ft-8bad17023,sh-8929a2,si-b97206e,833149.634
s-a41,14,ft-8a3b66063,sh-7aed34,si-b8949d3,834084.634
s-a41,3,ft-504c174c4,sh-9ef86a,si-8a75290,875979.598
s-a41,15,ft-f15cf1744,sh-8929a2,si-b97206e,876609.944
s-a41,16,ft-bbd5f5fab,sh-7aed34,si-b8949d3,876889.944
s-a41,17,ft-bae78b403,sh-7aed34,si-b8949d3,877194.944
s-a41,18,ft-75831bc97,sh-8929a2,si-b97206e,877720.037
s-a41,4,ft-501f55517,sh-9ef86a,si-8a75290,877880.037
s-a41,19,ft-45ffe9471,sh-7aed34,si-b8949d3,878050.037
s-a41,20,ft-e5b3efa01,sh-8929a2,si-b97206e,878160.037
s-a41,21,ft-460667892,sh-7aed34,si-b8949d3,879095.037
s-a41,5,ft-21bb20c3f,sh-9ef86a,si-2faad14,900985.377
s-a41,22,ft-f74292520,sh-8929a2,si-b97206e,901615.724
s-a41,23,ft-96b1f10fa,sh-7aed34,si-b8949d3,901895.724
s-a41,24,ft-14b6fc60b,sh-7aed34,si-b8949d3,902200.724
s-a41,25,ft-38490cd66,sh-8929a2,si-b97206e,902815.816
s-a41,6,ft-209090b2c,sh-9ef86a,si-2faad14,902885.816
s-a41,26,ft-7bf54c9aa,sh-7aed34,si-b8949d3,903425.816
s-a41,27,ft-2afac94a8,sh-7aed34,si-b8949d3,903640.816
s-a41,7,ft-82998d2ae,sh-9ef86a,si-2faad14,906486.648
s-a41,28,ft-484985061,sh-8929a2,si-b97206e,906516.648
s-a41,29,ft-07aba676d,sh-7aed34,si-b8949d3,906656.648
s-a41,30,ft-b901a4210,sh-7aed34,si-b8949d3,906871.648
s-b07,1,ft-7c0409135,sh-868758,si-9cc3248,541725.665
s-b07,8,ft-06678d35c,sh-1353ed,si-8e0ef75,542355.229
s-b07,9,ft-9352f53e6,sh-b1db7b,si-8d10e99,542635.229
s-b07,10,ft-c5ff7c1b6,sh-b1db7b,si-8d10e99,542940.229
s-b07,11,ft-504de9315,sh-1353ed,si-8e0ef75,543465.113
s-b07,2,ft-7e24551c4,sh-868758,si-9cc3248,543625.113
s-b07,12,ft-8ae0094ba,sh-b1db7b,si-8d10e99,543795.113
s-b07,13,ft-bac78cbfa,sh-1353ed,si-8e0ef75,543905.113
s-b07,14,ft-4630c7f4f,sh-b1db7b,si-8d10e99,544840.113
s-b07,3,ft-d9a2e34cc,sh-868758,si-9cc3248,571716.947
s-b07,15,ft-fe3a7f87a,sh-1353ed,si-8e0ef75,572346.512
s-b07,16,ft-fe1f0057d,sh-b1db7b,si-8d10e99,572626.512
s-b07,17,ft-390edf04e,sh-b1db7b,si-8d10e99,572931.512
s-b07,18,ft-93506beca,sh-1353ed,si-8e0ef75,573456.395
s-b07,4,ft-c4d6b3864,sh-868758,si-9cc3248,573616.395
s-b07,19,ft-a42731080,sh-b1db7b,si-8d10e99,573786.395
s-b07,20,ft-84bcfd591,sh-1353ed,si-8e0ef75,573896.395
s-b07,21,ft-ae11496ef,sh-b1db7b,si-8d10e99,574831.395
s-b07,5,ft-349cd79d7,sh-868758,si-7c04091,591711.136
s-b07,22,ft-78b0deac4,sh-1353ed,si-8e0ef75,592340.700
s-b07,23,ft-b6b9bd9ee,sh-b1db7b,si-8d10e99,592620.700
s-b07,24,ft-62187ae79,sh-b1db7b,si-8d10e99,592925.700
s-b07,6,ft-3e373679b,sh-868758,si-7c04091,593610.584
s-b07,7,ft-2300e4dd0,sh-868758,si-7c04091,597209.537
s-c93,1,ft-345b930ef,sh-a3c1fb,si-2df76c7,944965.268
s-c93,8,ft-14527dda8,sh-13dff1,si-c2fc44f,945596.182
s-c93,9,ft-12844b31c,sh-94d3c8,si-dc8610d,945876.182
s-c93,10,ft-354dbd8c2,sh-94d3c8,si-dc8610d,946181.182
s-c93,11,ft-0e1c2c74c,sh-13dff1,si-c2fc44f,946706.426
s-c93,2,ft-6138925b0,sh-a3c1fb,si-2df76c7,946866.426
s-c93,12,ft-a83579362,sh-94d3c8,si-dc8610d,947036.426
s-c93,13,ft-bb5f0b949,sh-13dff1,si-c2fc44f,947146.426
s-c93,14,ft-52aaffb9d,sh-94d3c8,si-dc8610d,948081.426
s-c93,3,ft-f6631ed5f,sh-a3c1fb,si-2df76c7,999998.786
s-c93,15,ft-96c3f0827,sh-13dff1,si-c2fc44f,1000629.700
s-c93,16,ft-71c42a3bf,sh-94d3c8,si-dc8610d,1000909.700
s-c93,17,ft-f84a1af2a,sh-94d3c8,si-dc8610d,1001214.700
s-c93,18,ft-4ded544e3,sh-13dff1,si-c2fc44f,1001739.944
s-c93,4,ft-06dd048e6,sh-a3c1fb,si-2df76c7,1001899.944
s-c93,19,ft-79a4ad289,sh-94d3c8,si-dc8610d,1002069.944
s-c93,20,ft-dca3be54f,sh-13dff1,si-c2fc44f,1002179.944
s-c93,21,ft-1e5ebd332,sh-94d3c8,si-dc8610d,1003114.944
s-c93,5,ft-079f9efd0,sh-a3c1fb,si-345b930,1020010.974
s-c93,22,ft-40a5d371b,sh-13dff1,si-c2fc44f,1020641.888
s-c93,23,ft-8503a9a16,sh-94d3c8,si-dc8610d,1020921.888
s-c93,24,ft-8f727797f,sh-94d3c8,si-dc8610d,1021226.888
s-c93,6,ft-e121ff1e6,sh-a3c1fb,si-345b930,1021912.132
s-c93,7,ft-8b7b1e7ec,sh-a3c1fb,si-345b930,1025514.326
s-d55,1,ft-5f88b182d,sh-be385b,si-55a9d8c,911621.854
s-d55,6,ft-ff2ead26b,sh-04959e,si-4f57bb2,912252.108
s-d55,7,ft-a68eda48c,sh-f57032,si-4909e50,912532.108
s-d55,8,ft-ad966e7cf,sh-f57032,si-4909e50,912837.108
s-d55,9,ft-6085fe30e,sh-04959e,si-4f57bb2,913362.175
s-d55,2,ft-b4e2ec5e6,sh-be385b,si-55a9d8c,913522.175
s-d55,10,ft-6c797409b,sh-f57032,si-4909e50,913692.175
s-d55,11,ft-01de4c8c1,sh-04959e,si-4f57bb2,913802.175
s-d55,12,ft-6f31fedef,sh-f57032,si-4909e50,914737.175
s-d55,3,ft-545f2fd4b,sh-be385b,si-55a9d8c,971631.984
s-d55,13,ft-bcdf29f40,sh-04959e,si-4f57bb2,972262.237
s-d55,14,ft-5e2b51c95,sh-f57032,si-4909e50,972542.237
s-d55,15,ft-8a1a691b7,sh-f57032,si-4909e50,972847.237
s-d55,16,ft-0897078c5,sh-04959e,si-4f57bb2,973372.305
s-d55,4,ft-6372dfcfb,sh-be385b,si-55a9d8c,973532.305
s-d55,17,ft-b40777cf6,sh-f57032,si-4909e50,973702.305
s-d55,18,ft-211ef5579,sh-04959e,si-4f57bb2,973812.305
s-d55,19,ft-93dccbc12,sh-f57032,si-4909e50,974747.305
s-d55,5,ft-a4de55fb5,sh-be385b,si-5f88b18,977132.913
s-e18,1,ft-d607374c1,sh-8386f1,si-6cc33d6,469173.989
s-e18,6,ft-0afc29d25,sh-99bc11,si-c3b1cda,469803.886
s-e18,7,ft-57e9082d7,sh-3a4bb1,si-051fd0f,470083.886
s-e18,8,ft-3add2d9eb,sh-3a4bb1,si-051fd0f,470388.886
s-e18,9,ft-20e364518,sh-99bc11,si-c3b1cda,470913.858
s-e18,2,ft-2d8bd2982,sh-8386f1,si-6cc33d6,471073.858
s-e18,10,ft-71fd53065,sh-3a4bb1,si-051fd0f,471243.858
s-e18,11,ft-af86566bb,sh-99bc11,si-c3b1cda,471353.858
s-e18,12,ft-1b648d537,sh-3a4bb1,si-051fd0f,472288.858
s-e18,3,ft-2d4e7da17,sh-8386f1,si-6cc33d6,504171.580
s-e18,13,ft-25aa03c75,sh-99bc11,si-c3b1cda,504801.477
s-e18,14,ft-e266058b9,sh-3a4bb1,si-051fd0f,505081.477
s-e18,15,ft-ea72ef667,sh-3a4bb1,si-051fd0f,505386.477
s-e18,16,ft-e7f84286d,sh-99bc11,si-c3b1cda,505911.449
s-e18,4,ft-caa970992,sh-8386f1,si-6cc33d6,506071.449
s-e18,17,ft-269bc5e13,sh-3a4bb1,si-051fd0f,506241.449
s-e18,18,ft-7ea30e389,sh-99bc11,si-c3b1cda,506351.449
s-e18,19,ft-3d62d4b22,sh-3a4bb1,si-051fd0f,507286.449
s-e18,5,ft-0ddf4506a,sh-8386f1,si-d607374,509671.202
s-z62,1,ft-3d59a4118,sh-e365f9,si-35e3783,694653.260
s-z62,17,ft-d7080f55d,sh-215eea,si-0b872fb,695033.721
s-z62,18,ft-408ca81cc,sh-d2626d,si-a548bc4,695313.721
s-z62,19,ft-234b543ca,sh-d2626d,si-a548bc4,695618.721
s-z62,2,ft-ec8a22af6,sh-e365f9,si-35e3783,696303.868
s-z62,20,ft-21a94ecea,sh-215eea,si-0b872fb,724504.324
s-z62,3,ft-537a14fdc,sh-e365f9,si-35e3783,724664.324
s-z62,21,ft-55b30c493,sh-d2626d,si-a548bc4,724834.324
s-z62,22,ft-df91b12b1,sh-215eea,si-0b872fb,724944.324
s-z62,23,ft-1c849344a,sh-d2626d,si-a548bc4,725629.785
s-z62,24,ft-17ff1090e,sh-215eea,si-0b872fb,742600.963
s-z62,4,ft-0f79043d4,sh-e365f9,si-35e3783,742670.963
s-z62,25,ft-697d30b74,sh-d2626d,si-a548bc4,743421.424
s-z62,26,ft-9c9f97275,sh-d2626d,si-a548bc4,743636.424
s-z62,5,ft-3f55fb212,sh-e365f9,si-3d59a41,744321.572
s-z62,27,ft-a0d38ddc9,sh-215eea,si-0b872fb,762518.340
s-z62,6,ft-7b00eb563,sh-e365f9,si-3d59a41,762678.340
s-z62,28,ft-5e2dbb898,sh-d2626d,si-a548bc4,762848.340
s-z62,29,ft-60b740c13,sh-215eea,si-0b872fb,762958.340
s-z62,30,ft-f16b98be5,sh-d2626d,si-a548bc4,763643.801
s-z62,7,ft-d895bc0f7,sh-e365f9,si-3d59a41,826701.945
s-z62,31,ft-e304dd946,sh-215eea,si-0b872fb,826731.945
s-z62,32,ft-d3aa96860,sh-d2626d,si-a548bc4,827452.406
s-z62,33,ft-ca9a44559,sh-d2626d,si-a548bc4,827667.406
s-z62,8,ft-b58c3d9f0,sh-e365f9,si-3d59a41,828352.553
s-z62,34,ft-7f77cb167,sh-215eea,si-0b872fb,846549.321
s-z62,9,ft-5319001bd,sh-e365f9,si-3d59a41,846709.321
s-z62,35,ft-96c3383ba,sh-d2626d,si-a548bc4,846879.321
s-z62,36,ft-5e41c98bb,sh-215eea,si-0b872fb,846989.321
s-z62,37,ft-4bc743e34,sh-d2626d,si-a548bc4,847674.782
s-z62,10,ft-ab2db5066,sh-e365f9,si-3d59a41,866716.698
s-z62,38,ft-fcd3b4ba5,sh-215eea,si-0b872fb,867097.159
s-z62,39,ft-0d3a0d1a6,sh-d2626d,si-a548bc4,867377.159
s-z62,40,ft-6865cc2f3,sh-d2626d,si-a548bc4,867682.159
s-z62,41,ft-cb7a869e1,sh-215eea,si-0b872fb,890565.550
s-z62,11,ft-9d751a023,sh-e365f9,si-3d59a41,890725.550
s-z62,42,ft-e94578b23,sh-d2626d,si-a548bc4,890895.550
s-z62,43,ft-cd3cbbcf7,sh-215eea,si-0b872fb,891005.550
s-z62,44,ft-7e7b695ca,sh-d2626d,si-a548bc4,891691.011
s-z62,12,ft-a2c0cdf47,sh-e365f9,si-3d59a41,892376.158
s-z62,45,ft-a1fe07440,sh-215eea,si-0b872fb,906571.451
s-z62,13,ft-47f11de24,sh-e365f9,si-3d59a41,906731.451
s-z62,46,ft-19a1c28fd,sh-d2626d,si-a548bc4,906901.451
s-z62,47,ft-59d388983,sh-215eea,si-0b872fb,907011.451
s-z62,48,ft-dafc787dc,sh-d2626d,si-a548bc4,907696.912
s-z62,14,ft-92e257d75,sh-e365f9,si-3d59a41,954749.155
s-z62,49,ft-b427c6f8d,sh-215eea,si-0b872fb,955129.616
s-z62,50,ft-70ccbddcf,sh-d2626d,si-a548bc4,955409.616
s-z62,51,ft-e543864c3,sh-d2626d,si-a548bc4,955714.616
s-z62,15,ft-381ae4e8e,sh-e365f9,si-3d59a41,960001.091
s-z62,16,ft-7bdfd5272,sh-e365f9,si-3d59a41,967003.673
