session,frame_token,activated_comp_us
s-a41,ft-2faad143c,831129.195
s-a41,ft-6d5c277c0,831689.542
s-a41,ft-4d45aa026,831969.542
s-a41,ft-bec16f578,832799.634
s-a41,ft-a416c3940,833029.634
s-a41,ft-4d6f88775,833129.634
s-a41,ft-8bad17023,833219.634
s-a41,ft-504c174c4,876139.598
s-a41,ft-f15cf1744,876699.944
s-a41,ft-bbd5f5fab,876979.944
s-a41,ft-75831bc97,877810.037
s-a41,ft-501f55517,878040.037
s-a41,ft-45ffe9471,878140.037
s-a41,ft-e5b3efa01,878230.037
s-a41,ft-21bb20c3f,901145.377
s-a41,ft-f74292520,901705.724
s-a41,ft-96b1f10fa,901985.724
s-a41,ft-209090b2c,903045.816
s-a41,ft-38490cd66,903165.816
s-a41,ft-7bf54c9aa,903505.816
s-a41,ft-484985061,906556.648
s-a41,ft-82998d2ae,906646.648
s-a41,ft-07aba676d,906736.648
s-b07,ft-7c0409135,541885.665
s-b07,ft-06678d35c,542445.229
s-b07,ft-9352f53e6,542725.229
s-b07,ft-504de9315,543555.113
s-b07,ft-7e24551c4,543785.113
s-b07,ft-8ae0094ba,543885.113
s-b07,ft-bac78cbfa,543975.113
s-b07,ft-d9a2e34cc,571876.947
s-b07,ft-fe3a7f87a,572436.512
s-b07,ft-fe1f0057d,572716.512
s-b07,ft-93506beca,573546.395
s-b07,ft-c4d6b3864,573776.395
s-b07,ft-a42731080,573876.395
s-b07,ft-84bcfd591,573966.395
s-b07,ft-349cd79d7,591871.136
s-b07,ft-78b0deac4,592430.700
s-b07,ft-b6b9bd9ee,592710.700
s-b07,ft-3e373679b,593770.584
s-b07,ft-2300e4dd0,597369.537
s-c93,ft-345b930ef,945125.268
s-c93,ft-14527dda8,945686.182
s-c93,ft-12844b31c,945966.182
s-c93,ft-0e1c2c74c,946796.426
s-c93,ft-6138925b0,947026.426
s-c93,ft-a83579362,947126.426
s-c93,ft-bb5f0b949,947216.426
s-c93,ft-f6631ed5f,1000158.786
s-c93,ft-96c3f0827,1000719.700
s-c93,ft-71c42a3bf,1000999.700
s-c93,ft-4ded544e3,1001829.944
s-c93,ft-06dd048e6,1002059.944
s-c93,ft-79a4ad289,1002159.944
s-c93,ft-dca3be54f,1002249.944
s-c93,ft-079f9efd0,1020170.974
s-c93,ft-40a5d371b,1020731.888
s-c93,ft-8503a9a16,1021011.888
s-c93,ft-e121ff1e6,1022072.132
s-c93,ft-8b7b1e7ec,1025674.326
s-d55,ft-5f88b182d,911781.854
s-d55,ft-ff2ead26b,912342.108
s-d55,ft-a68eda48c,912622.108
s-d55,ft-6085fe30e,913452.175
s-d55,ft-b4e2ec5e6,913682.175
s-d55,ft-6c797409b,913782.175
s-d55,ft-01de4c8c1,913872.175
s-d55,ft-545f2fd4b,971791.984
s-d55,ft-bcdf29f40,972352.237
s-d55,ft-5e2b51c95,972632.237
s-d55,ft-0897078c5,973462.305
s-d55,ft-6372dfcfb,973692.305
s-d55,ft-b40777cf6,973792.305
s-d55,ft-211ef5579,973882.305
s-d55,ft-a4de55fb5,977292.913
s-e18,ft-d607374c1,469333.989
s-e18,ft-0afc29d25,469893.886
s-e18,ft-57e9082d7,470173.886
s-e18,ft-20e364518,471003.858
s-e18,ft-2d8bd2982,471233.858
s-e18,ft-71fd53065,471333.858
s-e18,ft-af86566bb,471423.858
s-e18,ft-2d4e7da17,504331.580
s-e18,ft-25aa03c75,504891.477
s-e18,ft-e266058b9,505171.477
s-e18,ft-e7f84286d,506001.449
s-e18,ft-caa970992,506231.449
s-e18,ft-269bc5e13,506331.449
s-e18,ft-7ea30e389,506421.449
s-e18,ft-0ddf4506a,509831.202
s-z62,ft-3d59a4118,694813.260
s-z62,ft-d7080f55d,695123.721
s-z62,ft-408ca81cc,695403.721
s-z62,ft-ec8a22af6,696463.868
s-z62,ft-21a94ecea,724594.324
s-z62,ft-537a14fdc,724824.324
s-z62,ft-55b30c493,724924.324
s-z62,ft-df91b12b1,725014.324
s-z62,ft-0f79043d4,742830.963
s-z62,ft-17ff1090e,742950.963
s-z62,ft-697d30b74,743501.424
s-z62,ft-3f55fb212,744481.572
s-z62,ft-a0d38ddc9,762608.340
s-z62,ft-7b00eb563,762838.340
s-z62,ft-5e2dbb898,762938.340
s-z62,ft-60b740c13,763028.340
s-z62,ft-e304dd946,826771.945
s-z62,ft-d895bc0f7,826861.945
s-z62,ft-d3aa96860,827532.406
s-z62,ft-b58c3d9f0,828512.553
s-z62,ft-7f77cb167,846639.321
s-z62,ft-5319001bd,846869.321
s-z62,ft-96c3383ba,846969.321
s-z62,ft-5e41c98bb,847059.321
s-z62,ft-ab2db5066,866876.698
s-z62,ft-fcd3b4ba5,867187.159
s-z62,ft-0d3a0d1a6,867467.159
s-z62,ft-cb7a869e1,890655.550
s-z62,ft-9d751a023,890885.550
s-z62,ft-e94578b23,890985.550
s-z62,ft-cd3cbbcf7,891075.550
s-z62,ft-a2c0cdf47,892536.158
s-z62,ft-a1fe07440,906661.451
s-z62,ft-47f11de24,906891.451
s-z62,ft-19a1c28fd,906991.451
s-z62,ft-59d388983,907081.451
s-z62,ft-92e257d75,954909.155
s-z62,ft-b427c6f8d,955219.616
s-z62,ft-70ccbddcf,955499.616
s-z62,ft-381ae4e8e,960161.091
s-z62,ft-7bdfd5272,967163.673
