session,ui_ms,kind,ref,arg
s-a41,10,user_scroll,,286.250
s-a41,20,checkpoint,s-a41-c01,
s-a41,40,layout,g1,
s-a41,55,resize_delivery,s-a41-b01,
s-a41,65,checkpoint,s-a41-c02,
s-a41,80,user_scroll,,330.000
s-a41,90,checkpoint,s-a41-c03,
s-b07,15,user_scroll,,365.000
s-b07,20,checkpoint,s-b07-c01,
s-b07,40,layout,g1,
s-b07,50,checkpoint,s-b07-c02,
s-b07,60,resize_delivery,s-b07-b01,
s-b07,70,checkpoint,s-b07-c03,
s-c93,10,user_scroll,,250.000
s-c93,15,checkpoint,s-c93-c01,
s-c93,30,program_begin,s-c93-r01,"{""item_id"":""s-c93-abcb7d70"",""align_y_css"":32.0}"
s-c93,47,resize_delivery,s-c93-b01,
s-c93,54,layout,g1,
s-c93,70,checkpoint,s-c93-c02,
s-c93,82,resize_delivery,s-c93-b02,
s-c93,90,checkpoint,s-c93-c03,
s-d55,8,user_scroll,,300.000
s-d55,12,checkpoint,s-d55-c01,
s-d55,30,program_begin,s-d55-r01,"{""item_id"":""s-d55-4d97ddd2"",""align_y_css"":40}"
s-d55,60,resize_delivery,s-d55-b01,
s-d55,72,checkpoint,s-d55-c02,
s-e18,10,user_scroll,,410.000
s-e18,15,checkpoint,s-e18-c01,
s-e18,35,layout,g1,
s-e18,44,resize_delivery,s-e18-b01,
s-e18,50,checkpoint,s-e18-c02,
s-z62,10,user_scroll,,355.500
s-z62,18,checkpoint,s-z62-c01,
s-z62,30,layout,g1,
s-z62,41,resize_delivery,s-z62-b01,
s-z62,48,checkpoint,s-z62-c02,
s-z62,60,user_scroll,,428.250
s-z62,66,checkpoint,s-z62-c03,
s-z62,78,layout,g2,
s-z62,86,checkpoint,s-z62-c04,
s-z62,100,program_begin,s-z62-r01,"{""item_id"":""s-z62-5af7f671"",""align_y_css"":28}"
s-z62,116,resize_delivery,s-z62-b02,
s-z62,124,layout,g3,
s-z62,132,resize_delivery,s-z62-b03,
s-z62,150,checkpoint,s-z62-c05,
s-z62,162,resize_delivery,s-z62-b04,
s-z62,170,checkpoint,s-z62-c06,
s-z62,182,user_scroll,,512.750
s-z62,190,checkpoint,s-z62-c07,
s-z62,205,layout,g4,
s-z62,214,checkpoint,s-z62-c08,
s-z62,222,resize_delivery,s-z62-b05,
s-z62,230,checkpoint,s-z62-c09,
s-z62,244,program_begin,s-z62-r02,"{""item_id"":""s-z62-b7cc927e"",""align_y_css"":55}"
s-z62,252,resize_delivery,s-z62-b06,
s-z62,268,resize_delivery,s-z62-b07,
s-z62,278,checkpoint,s-z62-c10,
